id,category,symbol,codepoint,xsampa,descriptive,mnemonic,mnemonic_source,praat,desc_en,desc_zh,notes
PUL001,pulmonic,p,U+0070,p,blp,,,p,voiceless bilabial plosive,清雙唇塞音,
PUL002,pulmonic,b,U+0062,b,vblp,,,b,voiced bilabial plosive,濁雙唇塞音,
PUL003,pulmonic,t,U+0074,t,alp,,,t,voiceless alveolar plosive,清齒齦塞音,
PUL004,pulmonic,d,U+0064,d,valp,,,d,voiced alveolar plosive,濁齒齦塞音,
PUL005,pulmonic,ʈ,U+0288,t`,rxp,,,\t.,voiceless retroflex plosive,清捲舌塞音,
PUL006,pulmonic,ɖ,U+0256,d`,vrxp,,,\d.,voiced retroflex plosive,濁捲舌塞音,
PUL007,pulmonic,c,U+0063,c,pjp,,,c,voiceless palatal plosive,清硬顎塞音,
PUL008,pulmonic,ɟ,U+025F,J\,vpjp,,,\j-,voiced palatal plosive,濁硬顎塞音,
PUL009,pulmonic,k,U+006B,k,vep,,,k,voiceless velar plosive,清軟顎塞音,
PUL010,pulmonic,ɡ,U+0261,g,vvep,,,\gs,voiced velar plosive,濁軟顎塞音,
PUL011,pulmonic,q,U+0071,q,uvp,,,q,voiceless uvular plosive,清小舌塞音,
PUL012,pulmonic,ɢ,U+0262,G\,vuvp,,,\gc,voiced uvular plosive,濁小舌塞音,
PUL013,pulmonic,ʔ,U+0294,?,glp,,,\?g,glottal plosive,聲門塞音,
PUL014,pulmonic,m,U+006D,m,bln,,,m,bilabial nasal,雙唇鼻音,
PUL015,pulmonic,ɱ,U+0271,F,ldn,,,\mj,labiodental nasal,唇齒鼻音,
PUL016,pulmonic,n,U+006E,n,aln,,,n,alveolar nasal,齒齦鼻音,
PUL017,pulmonic,ɳ,U+0273,n`,rxn,,,\n.,retroflex nasal,捲舌鼻音,
PUL018,pulmonic,ɲ,U+0272,J,pjn,ny,西班牙語 ñ 羅馬化,\nj,palatal nasal,硬顎鼻音,
PUL019,pulmonic,ŋ,U+014B,N,ven,ng,ARPABET（亦英語拼寫）,\ng,velar nasal,軟顎鼻音,
PUL020,pulmonic,ɴ,U+0274,N\,uvn,,,\nc,uvular nasal,小舌鼻音,
PUL021,pulmonic,ʙ,U+0299,B\,blr,,,\bc,bilabial trill,雙唇顫音,
PUL022,pulmonic,r,U+0072,r,alr,,,r,alveolar trill,齒齦顫音,
PUL023,pulmonic,ʀ,U+0280,R\,uvr,,,\rc,uvular trill,小舌顫音,
PUL024,pulmonic,ⱱ,U+2C71,,ldt,,,\V^,labiodental tap/flap,唇齒閃音,
PUL025,pulmonic,ɾ,U+027E,4,alt,,,\fh,alveolar tap/flap,齒齦閃音,
PUL026,pulmonic,ɽ,U+027D,r`,rxt,,,\f.,retroflex tap/flap,捲舌閃音,
PUL027,pulmonic,ɸ,U+0278,p\,blf,,,\ff,voiceless bilabial fricative,清雙唇擦音,
PUL028,pulmonic,β,U+03B2,B,vblf,,,\bf,voiced bilabial fricative,濁雙唇擦音,
PUL029,pulmonic,f,U+0066,f,ldf,,,f,voiceless labiodental fricative,清唇齒擦音,
PUL030,pulmonic,v,U+0076,v,vldf,,,v,voiced labiodental fricative,濁唇齒擦音,
PUL031,pulmonic,θ,U+03B8,T,dnf,th,ARPABET（亦英語拼寫）,\tf,voiceless dental fricative,清齒擦音,
PUL032,pulmonic,ð,U+00F0,D,vdnf,dh,ARPABET,\dh,voiced dental fricative,濁齒擦音,
PUL033,pulmonic,s,U+0073,s,alf,,,s,voiceless alveolar fricative,清齒齦擦音,
PUL034,pulmonic,z,U+007A,z,valf,,,z,voiced alveolar fricative,濁齒齦擦音,
PUL035,pulmonic,ʃ,U+0283,S,paf,sh,ARPABET（亦英語拼寫）,\sh,voiceless postalveolar fricative,清後齒齦擦音,
PUL036,pulmonic,ʒ,U+0292,Z,vpaf,zh,ARPABET,\zh,voiced postalveolar fricative,濁後齒齦擦音,
PUL037,pulmonic,ʂ,U+0282,s`,rxf,,,\s.,voiceless retroflex fricative,清捲舌擦音,
PUL038,pulmonic,ʐ,U+0290,z`,vrxf,,,\z.,voiced retroflex fricative,濁捲舌擦音,
PUL039,pulmonic,ç,U+00E7,C,pjf,,,"\c,",voiceless palatal fricative,清硬顎擦音,
PUL040,pulmonic,ʝ,U+029D,j\,vpjf,,,\jc,voiced palatal fricative,濁硬顎擦音,
PUL041,pulmonic,x,U+0078,x,vef,,,x,voiceless velar fricative,清軟顎擦音,
PUL042,pulmonic,ɣ,U+0263,G,vvef,gh,阿拉伯/希臘語轉寫,\gf,voiced velar fricative,濁軟顎擦音,
PUL043,pulmonic,χ,U+03C7,X,uvf,,,\cf,voiceless uvular fricative,清小舌擦音,
PUL044,pulmonic,ʁ,U+0281,R,vuvf,,,\ri,voiced uvular fricative,濁小舌擦音,
PUL045,pulmonic,ħ,U+0127,X\,phf,,,\h-,voiceless pharyngeal fricative,清咽擦音,
PUL046,pulmonic,ʕ,U+0295,?\,vphf,,,\9e,voiced pharyngeal fricative,濁咽擦音,
PUL047,pulmonic,h,U+0068,h,glf,,,h,voiceless glottal fricative,清聲門擦音,
PUL048,pulmonic,ɦ,U+0266,h\,vglf,,,\h^,voiced glottal fricative,濁聲門擦音,
PUL049,pulmonic,ɬ,U+026C,K,allf,,,\l-,voiceless alveolar lateral fricative,清齒齦邊擦音,
PUL050,pulmonic,ɮ,U+026E,K\,vallf,,,\lz,voiced alveolar lateral fricative,濁齒齦邊擦音,
PUL051,pulmonic,ʋ,U+028B,v\,lda,,,\vs,labiodental approximant,唇齒近音,
PUL052,pulmonic,ɹ,U+0279,r\,ala,,,\rt,alveolar approximant,齒齦近音,
PUL053,pulmonic,ɻ,U+027B,r\`,rxa,,,\r.,retroflex approximant,捲舌近音,
PUL054,pulmonic,j,U+006A,j,pja,,,j,palatal approximant,硬顎近音,
PUL055,pulmonic,ɰ,U+0270,M\,vea,,,\ml,velar approximant,軟顎近音,
PUL056,pulmonic,l,U+006C,l,all,,,l,alveolar lateral approximant,齒齦邊近音,
PUL057,pulmonic,ɭ,U+026D,l`,rxl,,,\l.,retroflex lateral approximant,捲舌邊近音,
PUL058,pulmonic,ʎ,U+028E,L,pjl,,,\yt,palatal lateral approximant,硬顎邊近音,
PUL059,pulmonic,ʟ,U+029F,L\,vel,,,\lc,velar lateral approximant,軟顎邊近音,
OTH060,other,ʍ,U+028D,W,lvf,wh,英語拼寫（Worldbet 等亦用）,\wt,voiceless labial-velar fricative,清唇軟顎擦音,
OTH061,other,w,U+0077,w,lva,,,w,labial-velar approximant,唇軟顎近音,
OTH062,other,ɥ,U+0265,H,lpa,,,\ht,labial-palatal approximant,唇硬顎近音,
OTH063,other,ʜ,U+029C,H\,egf,,,\hc,voiceless epiglottal fricative,清會厭擦音,
OTH064,other,ʢ,U+02A2,<\,vegf,,,\9-,voiced epiglottal fricative,濁會厭擦音,
OTH065,other,ʡ,U+02A1,>\,egp,,,\?-,epiglottal plosive,會厭塞音,
OTH066,other,ɕ,U+0255,s\,apf,,,\cc,voiceless alveolo-palatal fricative,清齦顎擦音,
OTH067,other,ʑ,U+0291,z\,vapf,,,\zc,voiced alveolo-palatal fricative,濁齦顎擦音,
OTH068,other,ɺ,U+027A,l\,allx,,,\rl,voiced alveolar lateral flap,濁齒齦邊閃音,
OTH069,other,ɚ,U+025A,@`,mdcrho,,,,r-colored mid central vowel,兒化中央元音,
OTH070,other,ɝ,U+025D,3`,omcrho,,,,r-colored open-mid central vowel,兒化半開央元音,
OTH071,other,ɧ,U+0267,x\,,,,\hj,simultaneous ʃ and x,ʃ 與 x 同時,
NON072,nonpulmonic,ʘ,U+0298,O\,blck,,,\O.,bilabial click,雙唇擊音,
NON073,nonpulmonic,ǀ,U+01C0,|\,dnck,,,\|1,dental click,齒擊音,
NON074,nonpulmonic,ǃ,U+01C3,!\,pack,,,!,postalveolar click,後齒齦擊音,
NON075,nonpulmonic,ǂ,U+01C2,=\,pjck,,,\|-,palatal click,硬顎擊音,
NON076,nonpulmonic,ǁ,U+01C1,|\|\,allck,,,\|2,alveolar lateral click,齒齦邊擊音,
NON077,nonpulmonic,ɓ,U+0253,b_<,blim,,,\b^,voiced bilabial implosive,濁雙唇內爆音,
NON078,nonpulmonic,ɗ,U+0257,d_<,alim,,,\d^,voiced alveolar implosive,濁齒齦內爆音,
NON079,nonpulmonic,ʄ,U+0284,J\_<,pjim,,,\j^,voiced palatal implosive,濁硬顎內爆音,
NON080,nonpulmonic,ɠ,U+0260,g_<,veim,,,\g^,voiced velar implosive,濁軟顎內爆音,
NON081,nonpulmonic,ʛ,U+029B,G\_<,uvim,,,\G^,voiced uvular implosive,濁小舌內爆音,
NON082,nonpulmonic,ʼ,U+02BC,_>,ej,,,\ap,ejective marker,擠喉音標記,附加於基底阻礙音之後
VOW083,vowel,i,U+0069,i,clf,,,i,close front unrounded vowel,閉前不圓唇元音,
VOW084,vowel,y,U+0079,y,clfr,,,y,close front rounded vowel,閉前圓唇元音,
VOW085,vowel,ɨ,U+0268,1,clc,,,\i-,close central unrounded vowel,閉央不圓唇元音,
VOW086,vowel,ʉ,U+0289,},clcr,,,\u-,close central rounded vowel,閉央圓唇元音,
VOW087,vowel,ɯ,U+026F,M,clb,,,\mt,close back unrounded vowel,閉後不圓唇元音,
VOW088,vowel,u,U+0075,u,clbr,,,u,close back rounded vowel,閉後圓唇元音,
VOW089,vowel,ɪ,U+026A,I,ncf,,,\ic,near-close front unrounded vowel,次閉前不圓唇元音,
VOW090,vowel,ʏ,U+028F,Y,ncfr,,,\yc,near-close front rounded vowel,次閉前圓唇元音,
VOW091,vowel,ʊ,U+028A,U,ncbr,,,\hs,near-close back rounded vowel,次閉後圓唇元音,
VOW092,vowel,e,U+0065,e,cmf,,,e,close-mid front unrounded vowel,半閉前不圓唇元音,
VOW093,vowel,ø,U+00F8,2,cmfr,eu,法語拼寫,\o/,close-mid front rounded vowel,半閉前圓唇元音,
VOW094,vowel,ɘ,U+0258,@\,cmc,,,\e-,close-mid central unrounded vowel,半閉央不圓唇元音,
VOW095,vowel,ɵ,U+0275,8,cmcr,,,\o-,close-mid central rounded vowel,半閉央圓唇元音,
VOW096,vowel,ɤ,U+0264,7,cmb,,,\rh,close-mid back unrounded vowel,半閉後不圓唇元音,
VOW097,vowel,o,U+006F,o,cmbr,,,o,close-mid back rounded vowel,半閉後圓唇元音,
VOW098,vowel,ə,U+0259,@,mdc,ax,ARPABET,\sw,mid central unrounded vowel,中央不圓唇元音,
VOW099,vowel,ɛ,U+025B,E,omf,eh,ARPABET,\ef,open-mid front unrounded vowel,半開前不圓唇元音,
VOW100,vowel,œ,U+0153,9,omfr,oe,符號本名 o-e ligature（亦法/德語）,\oe,open-mid front rounded vowel,半開前圓唇元音,
VOW101,vowel,ɜ,U+025C,3,omc,,,\er,open-mid central unrounded vowel,半開央不圓唇元音,
VOW102,vowel,ɞ,U+025E,3\,omcr,,,\kb,open-mid central rounded vowel,半開央圓唇元音,
VOW103,vowel,ʌ,U+028C,V,omb,,,\vt,open-mid back unrounded vowel,半開後不圓唇元音,
VOW104,vowel,ɔ,U+0254,O,ombr,ao,ARPABET,\ct,open-mid back rounded vowel,半開後圓唇元音,
VOW105,vowel,æ,U+00E6,{,nof,ae,ARPABET,\ae,near-open front unrounded vowel,次開前不圓唇元音,
VOW106,vowel,ɐ,U+0250,6,noc,,,\at,near-open central unrounded vowel,次開央不圓唇元音,
VOW107,vowel,a,U+0061,a,opf,,,a,open front unrounded vowel,開前不圓唇元音,
VOW108,vowel,ɶ,U+0276,&,opfr,,,\Oe,open front rounded vowel,開前圓唇元音,
VOW109,vowel,ɑ,U+0251,A,opb,aa,ARPABET,\as,open back unrounded vowel,開後不圓唇元音,
VOW110,vowel,ɒ,U+0252,Q,opbr,,,\ab,open back rounded vowel,開後圓唇元音,
AFF111,affricate,t͡s,U+0074 U+0361 U+0073,ts,alaf,,,,voiceless alveolar affricate,清齒齦塞擦音,
AFF112,affricate,t͡ʃ,U+0074 U+0361 U+0283,tS,paaf,ch,ARPABET / 直覺英語,,voiceless postalveolar affricate,清後齒齦塞擦音,
AFF113,affricate,d͡ʒ,U+0064 U+0361 U+0292,dZ,vpaaf,jh;dj,ARPABET / 直覺英語,,voiced postalveolar affricate,濁後齒齦塞擦音,
AFF114,affricate,t͡ɕ,U+0074 U+0361 U+0255,ts\,apaf,,,,voiceless alveolo-palatal affricate,清齦顎塞擦音,
AFF115,affricate,d͡ʑ,U+0064 U+0361 U+0291,dz\,vapaf,,,,voiced alveolo-palatal affricate,濁齦顎塞擦音,
DIA116,diacritic,◌̥,U+0325,_0,dev,,,\0v,voiceless,清化,combining
DIA117,diacritic,◌̬,U+032C,_v,voi,,,\vv,voiced,濁化,combining
DIA118,diacritic,ʰ,U+02B0,_h,asp,,,\^h,aspirated,送氣,spacing modifier
DIA119,diacritic,◌̹,U+0339,_O,rou+,,,\3v,more rounded,較圓,combining
DIA120,diacritic,◌̜,U+031C,_c,rou-,,,\cv,less rounded,較展,combining
DIA121,diacritic,◌̟,U+031F,_+,adv,,,\+v,advanced,前移,combining
DIA122,diacritic,◌̠,U+0320,_-,ret,,,\-v,retracted,後移,combining
DIA123,diacritic,◌̈,U+0308,"_""",cen,,,\:^,centralized,央化,combining
DIA124,diacritic,◌̽,U+033D,_x,mce,,,\x^,mid-centralized,央化(中),combining
DIA125,diacritic,◌̩,U+0329,=,syl,,,\|v,syllabic,成音節,combining
DIA126,diacritic,◌̯,U+032F,_^,nsy,,,\nv,non-syllabic,非成節,combining
DIA127,diacritic,˞,U+02DE,`,rho,,,\hr,rhoticity,兒化,spacing modifier
DIA128,diacritic,◌̤,U+0324,_t,bre,,,\:v,breathy voiced,氣聲,combining
DIA129,diacritic,◌̰,U+0330,_k,cre,,,\~v,creaky voiced,嘎裂聲,combining
DIA130,diacritic,◌̼,U+033C,_N,lgl,,,\mv,linguolabial,舌唇,combining
DIA131,diacritic,ʷ,U+02B7,_w,lab,,,\^w,labialized,唇化,spacing modifier
DIA132,diacritic,ʲ,U+02B2,_j,pzd,,,\^j,palatalized,顎化,spacing modifier
DIA133,diacritic,ˠ,U+02E0,_G,vzd,,,\^G,velarized,軟顎化,spacing modifier
DIA134,diacritic,ˤ,U+02E4,_?\,pha,,,\^9,pharyngealized,咽化,spacing modifier
DIA135,diacritic,◌̴,U+0334,_e,vph,,,\~/,velarized or pharyngealized,軟顎化或咽化,combining
DIA136,diacritic,◌̝,U+031D,_r,rai,,,\T^,raised,升,combining
DIA137,diacritic,◌̞,U+031E,_o,low,,,\Tv,lowered,降,combining
DIA138,diacritic,◌̘,U+0318,_A,atr,,,\T(,advanced tongue root,舌根前,combining
DIA139,diacritic,◌̙,U+0319,_q,rtr,,,\T),retracted tongue root,舌根後,combining
DIA140,diacritic,◌̪,U+032A,_d,dnt,,,\Nv,dental,齒化,combining
DIA141,diacritic,◌̺,U+033A,_a,api,,,\Uv,apical,舌尖,combining
DIA142,diacritic,◌̻,U+033B,_m,lam,,,\Dv,laminal,舌葉,combining
DIA143,diacritic,◌̃,U+0303,~,nas,,,\~^,nasalized,鼻化,combining
DIA144,diacritic,ⁿ,U+207F,_n,nrl,,,\^n,nasal release,鼻除阻,spacing modifier
DIA145,diacritic,ˡ,U+02E1,_l,lrl,,,\^l,lateral release,邊除阻,spacing modifier
DIA146,diacritic,◌̚,U+031A,_},nor,,,\cn,no audible release,無聲除阻,combining
SUP147,suprasegmental,ˈ,U+02C8,"""",str1,,,\'1,primary stress,主重音,
SUP148,suprasegmental,ˌ,U+02CC,%,str2,,,\'2,secondary stress,次重音,
SUP149,suprasegmental,ː,U+02D0,:,lng,,,\:f,long,長,
SUP150,suprasegmental,ˑ,U+02D1,:\,hln,,,\.f,half-long,半長,
SUP151,suprasegmental,◌̆,U+0306,_X,xsh,,,\N^,extra-short,極短,
SUP152,suprasegmental,|,U+007C,|,grp1,,,,minor (foot) group,小句群,
SUP153,suprasegmental,‖,U+2016,||,grp2,,,||,major (intonation) group,大句群,
SUP154,suprasegmental,.,U+002E,.,sbr,,,.,syllable break,音節界,
SUP155,suprasegmental,‿,U+203F,-\,lnk,,,\_u,linking,連音,
TON156,tone_letter,˩,U+02E9,,|1,,,,Chao tone letter 1,調値 1(超低),
TON157,tone_letter,˨,U+02E8,,|2,,,,Chao tone letter 2,調値 2(低),
TON158,tone_letter,˧,U+02E7,,|3,,,,Chao tone letter 3,調値 3(中),
TON159,tone_letter,˦,U+02E6,,|4,,,,Chao tone letter 4,調値 4(高),
TON160,tone_letter,˥,U+02E5,,|5,,,,Chao tone letter 5,調値 5(超高),
TON161,tone_letter,˩˩,U+02E9 U+02E9,,|11,,,,Chao tone letter 1-1,調値 11(超低超低),
TON162,tone_letter,˩˨,U+02E9 U+02E8,,|12,,,,Chao tone letter 1-2,調値 12(超低低),
TON163,tone_letter,˩˧,U+02E9 U+02E7,,|13,,,,Chao tone letter 1-3,調値 13(超低中),
TON164,tone_letter,˩˦,U+02E9 U+02E6,,|14,,,,Chao tone letter 1-4,調値 14(超低高),
TON165,tone_letter,˩˥,U+02E9 U+02E5,,|15,,,,Chao tone letter 1-5,調値 15(超低超高),
TON166,tone_letter,˨˩,U+02E8 U+02E9,,|21,,,,Chao tone letter 2-1,調値 21(低超低),
TON167,tone_letter,˨˨,U+02E8 U+02E8,,|22,,,,Chao tone letter 2-2,調値 22(低低),
TON168,tone_letter,˨˧,U+02E8 U+02E7,,|23,,,,Chao tone letter 2-3,調値 23(低中),
TON169,tone_letter,˨˦,U+02E8 U+02E6,,|24,,,,Chao tone letter 2-4,調値 24(低高),
TON170,tone_letter,˨˥,U+02E8 U+02E5,,|25,,,,Chao tone letter 2-5,調値 25(低超高),
TON171,tone_letter,˧˩,U+02E7 U+02E9,,|31,,,,Chao tone letter 3-1,調値 31(中超低),
TON172,tone_letter,˧˨,U+02E7 U+02E8,,|32,,,,Chao tone letter 3-2,調値 32(中低),
TON173,tone_letter,˧˧,U+02E7 U+02E7,,|33,,,,Chao tone letter 3-3,調値 33(中中),
TON174,tone_letter,˧˦,U+02E7 U+02E6,,|34,,,,Chao tone letter 3-4,調値 34(中高),
TON175,tone_letter,˧˥,U+02E7 U+02E5,,|35,,,,Chao tone letter 3-5,調値 35(中超高),
TON176,tone_letter,˦˩,U+02E6 U+02E9,,|41,,,,Chao tone letter 4-1,調値 41(高超低),
TON177,tone_letter,˦˨,U+02E6 U+02E8,,|42,,,,Chao tone letter 4-2,調値 42(高低),
TON178,tone_letter,˦˧,U+02E6 U+02E7,,|43,,,,Chao tone letter 4-3,調値 43(高中),
TON179,tone_letter,˦˦,U+02E6 U+02E6,,|44,,,,Chao tone letter 4-4,調値 44(高高),
TON180,tone_letter,˦˥,U+02E6 U+02E5,,|45,,,,Chao tone letter 4-5,調値 45(高超高),
TON181,tone_letter,˥˩,U+02E5 U+02E9,,|51,,,,Chao tone letter 5-1,調値 51(超高超低),
TON182,tone_letter,˥˨,U+02E5 U+02E8,,|52,,,,Chao tone letter 5-2,調値 52(超高低),
TON183,tone_letter,˥˧,U+02E5 U+02E7,,|53,,,,Chao tone letter 5-3,調値 53(超高中),
TON184,tone_letter,˥˦,U+02E5 U+02E6,,|54,,,,Chao tone letter 5-4,調値 54(超高高),
TON185,tone_letter,˥˥,U+02E5 U+02E5,,|55,,,,Chao tone letter 5-5,調値 55(超高超高),
TON186,tone_letter,˩˩˩,U+02E9 U+02E9 U+02E9,,|111,,,,Chao tone letter 1-1-1,調値 111(超低超低超低),
TON187,tone_letter,˩˩˨,U+02E9 U+02E9 U+02E8,,|112,,,,Chao tone letter 1-1-2,調値 112(超低超低低),
TON188,tone_letter,˩˩˧,U+02E9 U+02E9 U+02E7,,|113,,,,Chao tone letter 1-1-3,調値 113(超低超低中),
TON189,tone_letter,˩˩˦,U+02E9 U+02E9 U+02E6,,|114,,,,Chao tone letter 1-1-4,調値 114(超低超低高),
TON190,tone_letter,˩˩˥,U+02E9 U+02E9 U+02E5,,|115,,,,Chao tone letter 1-1-5,調値 115(超低超低超高),
TON191,tone_letter,˩˨˩,U+02E9 U+02E8 U+02E9,,|121,,,,Chao tone letter 1-2-1,調値 121(超低低超低),
TON192,tone_letter,˩˨˨,U+02E9 U+02E8 U+02E8,,|122,,,,Chao tone letter 1-2-2,調値 122(超低低低),
TON193,tone_letter,˩˨˧,U+02E9 U+02E8 U+02E7,,|123,,,,Chao tone letter 1-2-3,調値 123(超低低中),
TON194,tone_letter,˩˨˦,U+02E9 U+02E8 U+02E6,,|124,,,,Chao tone letter 1-2-4,調値 124(超低低高),
TON195,tone_letter,˩˨˥,U+02E9 U+02E8 U+02E5,,|125,,,,Chao tone letter 1-2-5,調値 125(超低低超高),
TON196,tone_letter,˩˧˩,U+02E9 U+02E7 U+02E9,,|131,,,,Chao tone letter 1-3-1,調値 131(超低中超低),
TON197,tone_letter,˩˧˨,U+02E9 U+02E7 U+02E8,,|132,,,,Chao tone letter 1-3-2,調値 132(超低中低),
TON198,tone_letter,˩˧˧,U+02E9 U+02E7 U+02E7,,|133,,,,Chao tone letter 1-3-3,調値 133(超低中中),
TON199,tone_letter,˩˧˦,U+02E9 U+02E7 U+02E6,,|134,,,,Chao tone letter 1-3-4,調値 134(超低中高),
TON200,tone_letter,˩˧˥,U+02E9 U+02E7 U+02E5,,|135,,,,Chao tone letter 1-3-5,調値 135(超低中超高),
TON201,tone_letter,˩˦˩,U+02E9 U+02E6 U+02E9,,|141,,,,Chao tone letter 1-4-1,調値 141(超低高超低),
TON202,tone_letter,˩˦˨,U+02E9 U+02E6 U+02E8,,|142,,,,Chao tone letter 1-4-2,調値 142(超低高低),
TON203,tone_letter,˩˦˧,U+02E9 U+02E6 U+02E7,,|143,,,,Chao tone letter 1-4-3,調値 143(超低高中),
TON204,tone_letter,˩˦˦,U+02E9 U+02E6 U+02E6,,|144,,,,Chao tone letter 1-4-4,調値 144(超低高高),
TON205,tone_letter,˩˦˥,U+02E9 U+02E6 U+02E5,,|145,,,,Chao tone letter 1-4-5,調値 145(超低高超高),
TON206,tone_letter,˩˥˩,U+02E9 U+02E5 U+02E9,,|151,,,,Chao tone letter 1-5-1,調値 151(超低超高超低),
TON207,tone_letter,˩˥˨,U+02E9 U+02E5 U+02E8,,|152,,,,Chao tone letter 1-5-2,調値 152(超低超高低),
TON208,tone_letter,˩˥˧,U+02E9 U+02E5 U+02E7,,|153,,,,Chao tone letter 1-5-3,調値 153(超低超高中),
TON209,tone_letter,˩˥˦,U+02E9 U+02E5 U+02E6,,|154,,,,Chao tone letter 1-5-4,調値 154(超低超高高),
TON210,tone_letter,˩˥˥,U+02E9 U+02E5 U+02E5,,|155,,,,Chao tone letter 1-5-5,調値 155(超低超高超高),
TON211,tone_letter,˨˩˩,U+02E8 U+02E9 U+02E9,,|211,,,,Chao tone letter 2-1-1,調値 211(低超低超低),
TON212,tone_letter,˨˩˨,U+02E8 U+02E9 U+02E8,,|212,,,,Chao tone letter 2-1-2,調値 212(低超低低),
TON213,tone_letter,˨˩˧,U+02E8 U+02E9 U+02E7,,|213,,,,Chao tone letter 2-1-3,調値 213(低超低中),
TON214,tone_letter,˨˩˦,U+02E8 U+02E9 U+02E6,,|214,,,,Chao tone letter 2-1-4,調値 214(低超低高),
TON215,tone_letter,˨˩˥,U+02E8 U+02E9 U+02E5,,|215,,,,Chao tone letter 2-1-5,調値 215(低超低超高),
TON216,tone_letter,˨˨˩,U+02E8 U+02E8 U+02E9,,|221,,,,Chao tone letter 2-2-1,調値 221(低低超低),
TON217,tone_letter,˨˨˨,U+02E8 U+02E8 U+02E8,,|222,,,,Chao tone letter 2-2-2,調値 222(低低低),
TON218,tone_letter,˨˨˧,U+02E8 U+02E8 U+02E7,,|223,,,,Chao tone letter 2-2-3,調値 223(低低中),
TON219,tone_letter,˨˨˦,U+02E8 U+02E8 U+02E6,,|224,,,,Chao tone letter 2-2-4,調値 224(低低高),
TON220,tone_letter,˨˨˥,U+02E8 U+02E8 U+02E5,,|225,,,,Chao tone letter 2-2-5,調値 225(低低超高),
TON221,tone_letter,˨˧˩,U+02E8 U+02E7 U+02E9,,|231,,,,Chao tone letter 2-3-1,調値 231(低中超低),
TON222,tone_letter,˨˧˨,U+02E8 U+02E7 U+02E8,,|232,,,,Chao tone letter 2-3-2,調値 232(低中低),
TON223,tone_letter,˨˧˧,U+02E8 U+02E7 U+02E7,,|233,,,,Chao tone letter 2-3-3,調値 233(低中中),
TON224,tone_letter,˨˧˦,U+02E8 U+02E7 U+02E6,,|234,,,,Chao tone letter 2-3-4,調値 234(低中高),
TON225,tone_letter,˨˧˥,U+02E8 U+02E7 U+02E5,,|235,,,,Chao tone letter 2-3-5,調値 235(低中超高),
TON226,tone_letter,˨˦˩,U+02E8 U+02E6 U+02E9,,|241,,,,Chao tone letter 2-4-1,調値 241(低高超低),
TON227,tone_letter,˨˦˨,U+02E8 U+02E6 U+02E8,,|242,,,,Chao tone letter 2-4-2,調値 242(低高低),
TON228,tone_letter,˨˦˧,U+02E8 U+02E6 U+02E7,,|243,,,,Chao tone letter 2-4-3,調値 243(低高中),
TON229,tone_letter,˨˦˦,U+02E8 U+02E6 U+02E6,,|244,,,,Chao tone letter 2-4-4,調値 244(低高高),
TON230,tone_letter,˨˦˥,U+02E8 U+02E6 U+02E5,,|245,,,,Chao tone letter 2-4-5,調値 245(低高超高),
TON231,tone_letter,˨˥˩,U+02E8 U+02E5 U+02E9,,|251,,,,Chao tone letter 2-5-1,調値 251(低超高超低),
TON232,tone_letter,˨˥˨,U+02E8 U+02E5 U+02E8,,|252,,,,Chao tone letter 2-5-2,調値 252(低超高低),
TON233,tone_letter,˨˥˧,U+02E8 U+02E5 U+02E7,,|253,,,,Chao tone letter 2-5-3,調値 253(低超高中),
TON234,tone_letter,˨˥˦,U+02E8 U+02E5 U+02E6,,|254,,,,Chao tone letter 2-5-4,調値 254(低超高高),
TON235,tone_letter,˨˥˥,U+02E8 U+02E5 U+02E5,,|255,,,,Chao tone letter 2-5-5,調値 255(低超高超高),
TON236,tone_letter,˧˩˩,U+02E7 U+02E9 U+02E9,,|311,,,,Chao tone letter 3-1-1,調値 311(中超低超低),
TON237,tone_letter,˧˩˨,U+02E7 U+02E9 U+02E8,,|312,,,,Chao tone letter 3-1-2,調値 312(中超低低),
TON238,tone_letter,˧˩˧,U+02E7 U+02E9 U+02E7,,|313,,,,Chao tone letter 3-1-3,調値 313(中超低中),
TON239,tone_letter,˧˩˦,U+02E7 U+02E9 U+02E6,,|314,,,,Chao tone letter 3-1-4,調値 314(中超低高),
TON240,tone_letter,˧˩˥,U+02E7 U+02E9 U+02E5,,|315,,,,Chao tone letter 3-1-5,調値 315(中超低超高),
TON241,tone_letter,˧˨˩,U+02E7 U+02E8 U+02E9,,|321,,,,Chao tone letter 3-2-1,調値 321(中低超低),
TON242,tone_letter,˧˨˨,U+02E7 U+02E8 U+02E8,,|322,,,,Chao tone letter 3-2-2,調値 322(中低低),
TON243,tone_letter,˧˨˧,U+02E7 U+02E8 U+02E7,,|323,,,,Chao tone letter 3-2-3,調値 323(中低中),
TON244,tone_letter,˧˨˦,U+02E7 U+02E8 U+02E6,,|324,,,,Chao tone letter 3-2-4,調値 324(中低高),
TON245,tone_letter,˧˨˥,U+02E7 U+02E8 U+02E5,,|325,,,,Chao tone letter 3-2-5,調値 325(中低超高),
TON246,tone_letter,˧˧˩,U+02E7 U+02E7 U+02E9,,|331,,,,Chao tone letter 3-3-1,調値 331(中中超低),
TON247,tone_letter,˧˧˨,U+02E7 U+02E7 U+02E8,,|332,,,,Chao tone letter 3-3-2,調値 332(中中低),
TON248,tone_letter,˧˧˧,U+02E7 U+02E7 U+02E7,,|333,,,,Chao tone letter 3-3-3,調値 333(中中中),
TON249,tone_letter,˧˧˦,U+02E7 U+02E7 U+02E6,,|334,,,,Chao tone letter 3-3-4,調値 334(中中高),
TON250,tone_letter,˧˧˥,U+02E7 U+02E7 U+02E5,,|335,,,,Chao tone letter 3-3-5,調値 335(中中超高),
TON251,tone_letter,˧˦˩,U+02E7 U+02E6 U+02E9,,|341,,,,Chao tone letter 3-4-1,調値 341(中高超低),
TON252,tone_letter,˧˦˨,U+02E7 U+02E6 U+02E8,,|342,,,,Chao tone letter 3-4-2,調値 342(中高低),
TON253,tone_letter,˧˦˧,U+02E7 U+02E6 U+02E7,,|343,,,,Chao tone letter 3-4-3,調値 343(中高中),
TON254,tone_letter,˧˦˦,U+02E7 U+02E6 U+02E6,,|344,,,,Chao tone letter 3-4-4,調値 344(中高高),
TON255,tone_letter,˧˦˥,U+02E7 U+02E6 U+02E5,,|345,,,,Chao tone letter 3-4-5,調値 345(中高超高),
TON256,tone_letter,˧˥˩,U+02E7 U+02E5 U+02E9,,|351,,,,Chao tone letter 3-5-1,調値 351(中超高超低),
TON257,tone_letter,˧˥˨,U+02E7 U+02E5 U+02E8,,|352,,,,Chao tone letter 3-5-2,調値 352(中超高低),
TON258,tone_letter,˧˥˧,U+02E7 U+02E5 U+02E7,,|353,,,,Chao tone letter 3-5-3,調値 353(中超高中),
TON259,tone_letter,˧˥˦,U+02E7 U+02E5 U+02E6,,|354,,,,Chao tone letter 3-5-4,調値 354(中超高高),
TON260,tone_letter,˧˥˥,U+02E7 U+02E5 U+02E5,,|355,,,,Chao tone letter 3-5-5,調値 355(中超高超高),
TON261,tone_letter,˦˩˩,U+02E6 U+02E9 U+02E9,,|411,,,,Chao tone letter 4-1-1,調値 411(高超低超低),
TON262,tone_letter,˦˩˨,U+02E6 U+02E9 U+02E8,,|412,,,,Chao tone letter 4-1-2,調値 412(高超低低),
TON263,tone_letter,˦˩˧,U+02E6 U+02E9 U+02E7,,|413,,,,Chao tone letter 4-1-3,調値 413(高超低中),
TON264,tone_letter,˦˩˦,U+02E6 U+02E9 U+02E6,,|414,,,,Chao tone letter 4-1-4,調値 414(高超低高),
TON265,tone_letter,˦˩˥,U+02E6 U+02E9 U+02E5,,|415,,,,Chao tone letter 4-1-5,調値 415(高超低超高),
TON266,tone_letter,˦˨˩,U+02E6 U+02E8 U+02E9,,|421,,,,Chao tone letter 4-2-1,調値 421(高低超低),
TON267,tone_letter,˦˨˨,U+02E6 U+02E8 U+02E8,,|422,,,,Chao tone letter 4-2-2,調値 422(高低低),
TON268,tone_letter,˦˨˧,U+02E6 U+02E8 U+02E7,,|423,,,,Chao tone letter 4-2-3,調値 423(高低中),
TON269,tone_letter,˦˨˦,U+02E6 U+02E8 U+02E6,,|424,,,,Chao tone letter 4-2-4,調値 424(高低高),
TON270,tone_letter,˦˨˥,U+02E6 U+02E8 U+02E5,,|425,,,,Chao tone letter 4-2-5,調値 425(高低超高),
TON271,tone_letter,˦˧˩,U+02E6 U+02E7 U+02E9,,|431,,,,Chao tone letter 4-3-1,調値 431(高中超低),
TON272,tone_letter,˦˧˨,U+02E6 U+02E7 U+02E8,,|432,,,,Chao tone letter 4-3-2,調値 432(高中低),
TON273,tone_letter,˦˧˧,U+02E6 U+02E7 U+02E7,,|433,,,,Chao tone letter 4-3-3,調値 433(高中中),
TON274,tone_letter,˦˧˦,U+02E6 U+02E7 U+02E6,,|434,,,,Chao tone letter 4-3-4,調値 434(高中高),
TON275,tone_letter,˦˧˥,U+02E6 U+02E7 U+02E5,,|435,,,,Chao tone letter 4-3-5,調値 435(高中超高),
TON276,tone_letter,˦˦˩,U+02E6 U+02E6 U+02E9,,|441,,,,Chao tone letter 4-4-1,調値 441(高高超低),
TON277,tone_letter,˦˦˨,U+02E6 U+02E6 U+02E8,,|442,,,,Chao tone letter 4-4-2,調値 442(高高低),
TON278,tone_letter,˦˦˧,U+02E6 U+02E6 U+02E7,,|443,,,,Chao tone letter 4-4-3,調値 443(高高中),
TON279,tone_letter,˦˦˦,U+02E6 U+02E6 U+02E6,,|444,,,,Chao tone letter 4-4-4,調値 444(高高高),
TON280,tone_letter,˦˦˥,U+02E6 U+02E6 U+02E5,,|445,,,,Chao tone letter 4-4-5,調値 445(高高超高),
TON281,tone_letter,˦˥˩,U+02E6 U+02E5 U+02E9,,|451,,,,Chao tone letter 4-5-1,調値 451(高超高超低),
TON282,tone_letter,˦˥˨,U+02E6 U+02E5 U+02E8,,|452,,,,Chao tone letter 4-5-2,調値 452(高超高低),
TON283,tone_letter,˦˥˧,U+02E6 U+02E5 U+02E7,,|453,,,,Chao tone letter 4-5-3,調値 453(高超高中),
TON284,tone_letter,˦˥˦,U+02E6 U+02E5 U+02E6,,|454,,,,Chao tone letter 4-5-4,調値 454(高超高高),
TON285,tone_letter,˦˥˥,U+02E6 U+02E5 U+02E5,,|455,,,,Chao tone letter 4-5-5,調値 455(高超高超高),
TON286,tone_letter,˥˩˩,U+02E5 U+02E9 U+02E9,,|511,,,,Chao tone letter 5-1-1,調値 511(超高超低超低),
TON287,tone_letter,˥˩˨,U+02E5 U+02E9 U+02E8,,|512,,,,Chao tone letter 5-1-2,調値 512(超高超低低),
TON288,tone_letter,˥˩˧,U+02E5 U+02E9 U+02E7,,|513,,,,Chao tone letter 5-1-3,調値 513(超高超低中),
TON289,tone_letter,˥˩˦,U+02E5 U+02E9 U+02E6,,|514,,,,Chao tone letter 5-1-4,調値 514(超高超低高),
TON290,tone_letter,˥˩˥,U+02E5 U+02E9 U+02E5,,|515,,,,Chao tone letter 5-1-5,調値 515(超高超低超高),
TON291,tone_letter,˥˨˩,U+02E5 U+02E8 U+02E9,,|521,,,,Chao tone letter 5-2-1,調値 521(超高低超低),
TON292,tone_letter,˥˨˨,U+02E5 U+02E8 U+02E8,,|522,,,,Chao tone letter 5-2-2,調値 522(超高低低),
TON293,tone_letter,˥˨˧,U+02E5 U+02E8 U+02E7,,|523,,,,Chao tone letter 5-2-3,調値 523(超高低中),
TON294,tone_letter,˥˨˦,U+02E5 U+02E8 U+02E6,,|524,,,,Chao tone letter 5-2-4,調値 524(超高低高),
TON295,tone_letter,˥˨˥,U+02E5 U+02E8 U+02E5,,|525,,,,Chao tone letter 5-2-5,調値 525(超高低超高),
TON296,tone_letter,˥˧˩,U+02E5 U+02E7 U+02E9,,|531,,,,Chao tone letter 5-3-1,調値 531(超高中超低),
TON297,tone_letter,˥˧˨,U+02E5 U+02E7 U+02E8,,|532,,,,Chao tone letter 5-3-2,調値 532(超高中低),
TON298,tone_letter,˥˧˧,U+02E5 U+02E7 U+02E7,,|533,,,,Chao tone letter 5-3-3,調値 533(超高中中),
TON299,tone_letter,˥˧˦,U+02E5 U+02E7 U+02E6,,|534,,,,Chao tone letter 5-3-4,調値 534(超高中高),
TON300,tone_letter,˥˧˥,U+02E5 U+02E7 U+02E5,,|535,,,,Chao tone letter 5-3-5,調値 535(超高中超高),
TON301,tone_letter,˥˦˩,U+02E5 U+02E6 U+02E9,,|541,,,,Chao tone letter 5-4-1,調値 541(超高高超低),
TON302,tone_letter,˥˦˨,U+02E5 U+02E6 U+02E8,,|542,,,,Chao tone letter 5-4-2,調値 542(超高高低),
TON303,tone_letter,˥˦˧,U+02E5 U+02E6 U+02E7,,|543,,,,Chao tone letter 5-4-3,調値 543(超高高中),
TON304,tone_letter,˥˦˦,U+02E5 U+02E6 U+02E6,,|544,,,,Chao tone letter 5-4-4,調値 544(超高高高),
TON305,tone_letter,˥˦˥,U+02E5 U+02E6 U+02E5,,|545,,,,Chao tone letter 5-4-5,調値 545(超高高超高),
TON306,tone_letter,˥˥˩,U+02E5 U+02E5 U+02E9,,|551,,,,Chao tone letter 5-5-1,調値 551(超高超高超低),
TON307,tone_letter,˥˥˨,U+02E5 U+02E5 U+02E8,,|552,,,,Chao tone letter 5-5-2,調値 552(超高超高低),
TON308,tone_letter,˥˥˧,U+02E5 U+02E5 U+02E7,,|553,,,,Chao tone letter 5-5-3,調値 553(超高超高中),
TON309,tone_letter,˥˥˦,U+02E5 U+02E5 U+02E6,,|554,,,,Chao tone letter 5-5-4,調値 554(超高超高高),
TON310,tone_letter,˥˥˥,U+02E5 U+02E5 U+02E5,,|555,,,,Chao tone letter 5-5-5,調値 555(超高超高超高),
SUP311,superscript,⁰,U+2070,,^0,,,,superscript 0,上標數字 0,
SUP312,superscript,¹,U+00B9,,^1,,,,superscript 1,上標數字 1,
SUP313,superscript,²,U+00B2,,^2,,,,superscript 2,上標數字 2,
SUP314,superscript,³,U+00B3,,^3,,,,superscript 3,上標數字 3,
SUP315,superscript,⁴,U+2074,,^4,,,,superscript 4,上標數字 4,
SUP316,superscript,⁵,U+2075,,^5,,,,superscript 5,上標數字 5,
SUP317,superscript,⁶,U+2076,,^6,,,,superscript 6,上標數字 6,
SUP318,superscript,⁷,U+2077,,^7,,,,superscript 7,上標數字 7,
SUP319,superscript,⁸,U+2078,,^8,,,,superscript 8,上標數字 8,
SUP320,superscript,⁹,U+2079,,^9,,,,superscript 9,上標數字 9,
SUP321,superscript,⁰⁰,U+2070 U+2070,,^00,,,,superscript 00,上標數字 00,
SUP322,superscript,⁰¹,U+2070 U+00B9,,^01,,,,superscript 01,上標數字 01,
SUP323,superscript,⁰²,U+2070 U+00B2,,^02,,,,superscript 02,上標數字 02,
SUP324,superscript,⁰³,U+2070 U+00B3,,^03,,,,superscript 03,上標數字 03,
SUP325,superscript,⁰⁴,U+2070 U+2074,,^04,,,,superscript 04,上標數字 04,
SUP326,superscript,⁰⁵,U+2070 U+2075,,^05,,,,superscript 05,上標數字 05,
SUP327,superscript,⁰⁶,U+2070 U+2076,,^06,,,,superscript 06,上標數字 06,
SUP328,superscript,⁰⁷,U+2070 U+2077,,^07,,,,superscript 07,上標數字 07,
SUP329,superscript,⁰⁸,U+2070 U+2078,,^08,,,,superscript 08,上標數字 08,
SUP330,superscript,⁰⁹,U+2070 U+2079,,^09,,,,superscript 09,上標數字 09,
SUP331,superscript,¹⁰,U+00B9 U+2070,,^10,,,,superscript 10,上標數字 10,
SUP332,superscript,¹¹,U+00B9 U+00B9,,^11,,,,superscript 11,上標數字 11,
SUP333,superscript,¹²,U+00B9 U+00B2,,^12,,,,superscript 12,上標數字 12,
SUP334,superscript,¹³,U+00B9 U+00B3,,^13,,,,superscript 13,上標數字 13,
SUP335,superscript,¹⁴,U+00B9 U+2074,,^14,,,,superscript 14,上標數字 14,
SUP336,superscript,¹⁵,U+00B9 U+2075,,^15,,,,superscript 15,上標數字 15,
SUP337,superscript,¹⁶,U+00B9 U+2076,,^16,,,,superscript 16,上標數字 16,
SUP338,superscript,¹⁷,U+00B9 U+2077,,^17,,,,superscript 17,上標數字 17,
SUP339,superscript,¹⁸,U+00B9 U+2078,,^18,,,,superscript 18,上標數字 18,
SUP340,superscript,¹⁹,U+00B9 U+2079,,^19,,,,superscript 19,上標數字 19,
SUP341,superscript,²⁰,U+00B2 U+2070,,^20,,,,superscript 20,上標數字 20,
SUP342,superscript,²¹,U+00B2 U+00B9,,^21,,,,superscript 21,上標數字 21,
SUP343,superscript,²²,U+00B2 U+00B2,,^22,,,,superscript 22,上標數字 22,
SUP344,superscript,²³,U+00B2 U+00B3,,^23,,,,superscript 23,上標數字 23,
SUP345,superscript,²⁴,U+00B2 U+2074,,^24,,,,superscript 24,上標數字 24,
SUP346,superscript,²⁵,U+00B2 U+2075,,^25,,,,superscript 25,上標數字 25,
SUP347,superscript,²⁶,U+00B2 U+2076,,^26,,,,superscript 26,上標數字 26,
SUP348,superscript,²⁷,U+00B2 U+2077,,^27,,,,superscript 27,上標數字 27,
SUP349,superscript,²⁸,U+00B2 U+2078,,^28,,,,superscript 28,上標數字 28,
SUP350,superscript,²⁹,U+00B2 U+2079,,^29,,,,superscript 29,上標數字 29,
SUP351,superscript,³⁰,U+00B3 U+2070,,^30,,,,superscript 30,上標數字 30,
SUP352,superscript,³¹,U+00B3 U+00B9,,^31,,,,superscript 31,上標數字 31,
SUP353,superscript,³²,U+00B3 U+00B2,,^32,,,,superscript 32,上標數字 32,
SUP354,superscript,³³,U+00B3 U+00B3,,^33,,,,superscript 33,上標數字 33,
SUP355,superscript,³⁴,U+00B3 U+2074,,^34,,,,superscript 34,上標數字 34,
SUP356,superscript,³⁵,U+00B3 U+2075,,^35,,,,superscript 35,上標數字 35,
SUP357,superscript,³⁶,U+00B3 U+2076,,^36,,,,superscript 36,上標數字 36,
SUP358,superscript,³⁷,U+00B3 U+2077,,^37,,,,superscript 37,上標數字 37,
SUP359,superscript,³⁸,U+00B3 U+2078,,^38,,,,superscript 38,上標數字 38,
SUP360,superscript,³⁹,U+00B3 U+2079,,^39,,,,superscript 39,上標數字 39,
SUP361,superscript,⁴⁰,U+2074 U+2070,,^40,,,,superscript 40,上標數字 40,
SUP362,superscript,⁴¹,U+2074 U+00B9,,^41,,,,superscript 41,上標數字 41,
SUP363,superscript,⁴²,U+2074 U+00B2,,^42,,,,superscript 42,上標數字 42,
SUP364,superscript,⁴³,U+2074 U+00B3,,^43,,,,superscript 43,上標數字 43,
SUP365,superscript,⁴⁴,U+2074 U+2074,,^44,,,,superscript 44,上標數字 44,
SUP366,superscript,⁴⁵,U+2074 U+2075,,^45,,,,superscript 45,上標數字 45,
SUP367,superscript,⁴⁶,U+2074 U+2076,,^46,,,,superscript 46,上標數字 46,
SUP368,superscript,⁴⁷,U+2074 U+2077,,^47,,,,superscript 47,上標數字 47,
SUP369,superscript,⁴⁸,U+2074 U+2078,,^48,,,,superscript 48,上標數字 48,
SUP370,superscript,⁴⁹,U+2074 U+2079,,^49,,,,superscript 49,上標數字 49,
SUP371,superscript,⁵⁰,U+2075 U+2070,,^50,,,,superscript 50,上標數字 50,
SUP372,superscript,⁵¹,U+2075 U+00B9,,^51,,,,superscript 51,上標數字 51,
SUP373,superscript,⁵²,U+2075 U+00B2,,^52,,,,superscript 52,上標數字 52,
SUP374,superscript,⁵³,U+2075 U+00B3,,^53,,,,superscript 53,上標數字 53,
SUP375,superscript,⁵⁴,U+2075 U+2074,,^54,,,,superscript 54,上標數字 54,
SUP376,superscript,⁵⁵,U+2075 U+2075,,^55,,,,superscript 55,上標數字 55,
SUP377,superscript,⁵⁶,U+2075 U+2076,,^56,,,,superscript 56,上標數字 56,
SUP378,superscript,⁵⁷,U+2075 U+2077,,^57,,,,superscript 57,上標數字 57,
SUP379,superscript,⁵⁸,U+2075 U+2078,,^58,,,,superscript 58,上標數字 58,
SUP380,superscript,⁵⁹,U+2075 U+2079,,^59,,,,superscript 59,上標數字 59,
SUP381,superscript,⁶⁰,U+2076 U+2070,,^60,,,,superscript 60,上標數字 60,
SUP382,superscript,⁶¹,U+2076 U+00B9,,^61,,,,superscript 61,上標數字 61,
SUP383,superscript,⁶²,U+2076 U+00B2,,^62,,,,superscript 62,上標數字 62,
SUP384,superscript,⁶³,U+2076 U+00B3,,^63,,,,superscript 63,上標數字 63,
SUP385,superscript,⁶⁴,U+2076 U+2074,,^64,,,,superscript 64,上標數字 64,
SUP386,superscript,⁶⁵,U+2076 U+2075,,^65,,,,superscript 65,上標數字 65,
SUP387,superscript,⁶⁶,U+2076 U+2076,,^66,,,,superscript 66,上標數字 66,
SUP388,superscript,⁶⁷,U+2076 U+2077,,^67,,,,superscript 67,上標數字 67,
SUP389,superscript,⁶⁸,U+2076 U+2078,,^68,,,,superscript 68,上標數字 68,
SUP390,superscript,⁶⁹,U+2076 U+2079,,^69,,,,superscript 69,上標數字 69,
SUP391,superscript,⁷⁰,U+2077 U+2070,,^70,,,,superscript 70,上標數字 70,
SUP392,superscript,⁷¹,U+2077 U+00B9,,^71,,,,superscript 71,上標數字 71,
SUP393,superscript,⁷²,U+2077 U+00B2,,^72,,,,superscript 72,上標數字 72,
SUP394,superscript,⁷³,U+2077 U+00B3,,^73,,,,superscript 73,上標數字 73,
SUP395,superscript,⁷⁴,U+2077 U+2074,,^74,,,,superscript 74,上標數字 74,
SUP396,superscript,⁷⁵,U+2077 U+2075,,^75,,,,superscript 75,上標數字 75,
SUP397,superscript,⁷⁶,U+2077 U+2076,,^76,,,,superscript 76,上標數字 76,
SUP398,superscript,⁷⁷,U+2077 U+2077,,^77,,,,superscript 77,上標數字 77,
SUP399,superscript,⁷⁸,U+2077 U+2078,,^78,,,,superscript 78,上標數字 78,
SUP400,superscript,⁷⁹,U+2077 U+2079,,^79,,,,superscript 79,上標數字 79,
SUP401,superscript,⁸⁰,U+2078 U+2070,,^80,,,,superscript 80,上標數字 80,
SUP402,superscript,⁸¹,U+2078 U+00B9,,^81,,,,superscript 81,上標數字 81,
SUP403,superscript,⁸²,U+2078 U+00B2,,^82,,,,superscript 82,上標數字 82,
SUP404,superscript,⁸³,U+2078 U+00B3,,^83,,,,superscript 83,上標數字 83,
SUP405,superscript,⁸⁴,U+2078 U+2074,,^84,,,,superscript 84,上標數字 84,
SUP406,superscript,⁸⁵,U+2078 U+2075,,^85,,,,superscript 85,上標數字 85,
SUP407,superscript,⁸⁶,U+2078 U+2076,,^86,,,,superscript 86,上標數字 86,
SUP408,superscript,⁸⁷,U+2078 U+2077,,^87,,,,superscript 87,上標數字 87,
SUP409,superscript,⁸⁸,U+2078 U+2078,,^88,,,,superscript 88,上標數字 88,
SUP410,superscript,⁸⁹,U+2078 U+2079,,^89,,,,superscript 89,上標數字 89,
SUP411,superscript,⁹⁰,U+2079 U+2070,,^90,,,,superscript 90,上標數字 90,
SUP412,superscript,⁹¹,U+2079 U+00B9,,^91,,,,superscript 91,上標數字 91,
SUP413,superscript,⁹²,U+2079 U+00B2,,^92,,,,superscript 92,上標數字 92,
SUP414,superscript,⁹³,U+2079 U+00B3,,^93,,,,superscript 93,上標數字 93,
SUP415,superscript,⁹⁴,U+2079 U+2074,,^94,,,,superscript 94,上標數字 94,
SUP416,superscript,⁹⁵,U+2079 U+2075,,^95,,,,superscript 95,上標數字 95,
SUP417,superscript,⁹⁶,U+2079 U+2076,,^96,,,,superscript 96,上標數字 96,
SUP418,superscript,⁹⁷,U+2079 U+2077,,^97,,,,superscript 97,上標數字 97,
SUP419,superscript,⁹⁸,U+2079 U+2078,,^98,,,,superscript 98,上標數字 98,
SUP420,superscript,⁹⁹,U+2079 U+2079,,^99,,,,superscript 99,上標數字 99,
SUP421,superscript,¹¹¹,U+00B9 U+00B9 U+00B9,,^111,,,,superscript 111,上標數字 111,
SUP422,superscript,¹¹²,U+00B9 U+00B9 U+00B2,,^112,,,,superscript 112,上標數字 112,
SUP423,superscript,¹¹³,U+00B9 U+00B9 U+00B3,,^113,,,,superscript 113,上標數字 113,
SUP424,superscript,¹¹⁴,U+00B9 U+00B9 U+2074,,^114,,,,superscript 114,上標數字 114,
SUP425,superscript,¹¹⁵,U+00B9 U+00B9 U+2075,,^115,,,,superscript 115,上標數字 115,
SUP426,superscript,¹²¹,U+00B9 U+00B2 U+00B9,,^121,,,,superscript 121,上標數字 121,
SUP427,superscript,¹²²,U+00B9 U+00B2 U+00B2,,^122,,,,superscript 122,上標數字 122,
SUP428,superscript,¹²³,U+00B9 U+00B2 U+00B3,,^123,,,,superscript 123,上標數字 123,
SUP429,superscript,¹²⁴,U+00B9 U+00B2 U+2074,,^124,,,,superscript 124,上標數字 124,
SUP430,superscript,¹²⁵,U+00B9 U+00B2 U+2075,,^125,,,,superscript 125,上標數字 125,
SUP431,superscript,¹³¹,U+00B9 U+00B3 U+00B9,,^131,,,,superscript 131,上標數字 131,
SUP432,superscript,¹³²,U+00B9 U+00B3 U+00B2,,^132,,,,superscript 132,上標數字 132,
SUP433,superscript,¹³³,U+00B9 U+00B3 U+00B3,,^133,,,,superscript 133,上標數字 133,
SUP434,superscript,¹³⁴,U+00B9 U+00B3 U+2074,,^134,,,,superscript 134,上標數字 134,
SUP435,superscript,¹³⁵,U+00B9 U+00B3 U+2075,,^135,,,,superscript 135,上標數字 135,
SUP436,superscript,¹⁴¹,U+00B9 U+2074 U+00B9,,^141,,,,superscript 141,上標數字 141,
SUP437,superscript,¹⁴²,U+00B9 U+2074 U+00B2,,^142,,,,superscript 142,上標數字 142,
SUP438,superscript,¹⁴³,U+00B9 U+2074 U+00B3,,^143,,,,superscript 143,上標數字 143,
SUP439,superscript,¹⁴⁴,U+00B9 U+2074 U+2074,,^144,,,,superscript 144,上標數字 144,
SUP440,superscript,¹⁴⁵,U+00B9 U+2074 U+2075,,^145,,,,superscript 145,上標數字 145,
SUP441,superscript,¹⁵¹,U+00B9 U+2075 U+00B9,,^151,,,,superscript 151,上標數字 151,
SUP442,superscript,¹⁵²,U+00B9 U+2075 U+00B2,,^152,,,,superscript 152,上標數字 152,
SUP443,superscript,¹⁵³,U+00B9 U+2075 U+00B3,,^153,,,,superscript 153,上標數字 153,
SUP444,superscript,¹⁵⁴,U+00B9 U+2075 U+2074,,^154,,,,superscript 154,上標數字 154,
SUP445,superscript,¹⁵⁵,U+00B9 U+2075 U+2075,,^155,,,,superscript 155,上標數字 155,
SUP446,superscript,²¹¹,U+00B2 U+00B9 U+00B9,,^211,,,,superscript 211,上標數字 211,
SUP447,superscript,²¹²,U+00B2 U+00B9 U+00B2,,^212,,,,superscript 212,上標數字 212,
SUP448,superscript,²¹³,U+00B2 U+00B9 U+00B3,,^213,,,,superscript 213,上標數字 213,
SUP449,superscript,²¹⁴,U+00B2 U+00B9 U+2074,,^214,,,,superscript 214,上標數字 214,
SUP450,superscript,²¹⁵,U+00B2 U+00B9 U+2075,,^215,,,,superscript 215,上標數字 215,
SUP451,superscript,²²¹,U+00B2 U+00B2 U+00B9,,^221,,,,superscript 221,上標數字 221,
SUP452,superscript,²²²,U+00B2 U+00B2 U+00B2,,^222,,,,superscript 222,上標數字 222,
SUP453,superscript,²²³,U+00B2 U+00B2 U+00B3,,^223,,,,superscript 223,上標數字 223,
SUP454,superscript,²²⁴,U+00B2 U+00B2 U+2074,,^224,,,,superscript 224,上標數字 224,
SUP455,superscript,²²⁵,U+00B2 U+00B2 U+2075,,^225,,,,superscript 225,上標數字 225,
SUP456,superscript,²³¹,U+00B2 U+00B3 U+00B9,,^231,,,,superscript 231,上標數字 231,
SUP457,superscript,²³²,U+00B2 U+00B3 U+00B2,,^232,,,,superscript 232,上標數字 232,
SUP458,superscript,²³³,U+00B2 U+00B3 U+00B3,,^233,,,,superscript 233,上標數字 233,
SUP459,superscript,²³⁴,U+00B2 U+00B3 U+2074,,^234,,,,superscript 234,上標數字 234,
SUP460,superscript,²³⁵,U+00B2 U+00B3 U+2075,,^235,,,,superscript 235,上標數字 235,
SUP461,superscript,²⁴¹,U+00B2 U+2074 U+00B9,,^241,,,,superscript 241,上標數字 241,
SUP462,superscript,²⁴²,U+00B2 U+2074 U+00B2,,^242,,,,superscript 242,上標數字 242,
SUP463,superscript,²⁴³,U+00B2 U+2074 U+00B3,,^243,,,,superscript 243,上標數字 243,
SUP464,superscript,²⁴⁴,U+00B2 U+2074 U+2074,,^244,,,,superscript 244,上標數字 244,
SUP465,superscript,²⁴⁵,U+00B2 U+2074 U+2075,,^245,,,,superscript 245,上標數字 245,
SUP466,superscript,²⁵¹,U+00B2 U+2075 U+00B9,,^251,,,,superscript 251,上標數字 251,
SUP467,superscript,²⁵²,U+00B2 U+2075 U+00B2,,^252,,,,superscript 252,上標數字 252,
SUP468,superscript,²⁵³,U+00B2 U+2075 U+00B3,,^253,,,,superscript 253,上標數字 253,
SUP469,superscript,²⁵⁴,U+00B2 U+2075 U+2074,,^254,,,,superscript 254,上標數字 254,
SUP470,superscript,²⁵⁵,U+00B2 U+2075 U+2075,,^255,,,,superscript 255,上標數字 255,
SUP471,superscript,³¹¹,U+00B3 U+00B9 U+00B9,,^311,,,,superscript 311,上標數字 311,
SUP472,superscript,³¹²,U+00B3 U+00B9 U+00B2,,^312,,,,superscript 312,上標數字 312,
SUP473,superscript,³¹³,U+00B3 U+00B9 U+00B3,,^313,,,,superscript 313,上標數字 313,
SUP474,superscript,³¹⁴,U+00B3 U+00B9 U+2074,,^314,,,,superscript 314,上標數字 314,
SUP475,superscript,³¹⁵,U+00B3 U+00B9 U+2075,,^315,,,,superscript 315,上標數字 315,
SUP476,superscript,³²¹,U+00B3 U+00B2 U+00B9,,^321,,,,superscript 321,上標數字 321,
SUP477,superscript,³²²,U+00B3 U+00B2 U+00B2,,^322,,,,superscript 322,上標數字 322,
SUP478,superscript,³²³,U+00B3 U+00B2 U+00B3,,^323,,,,superscript 323,上標數字 323,
SUP479,superscript,³²⁴,U+00B3 U+00B2 U+2074,,^324,,,,superscript 324,上標數字 324,
SUP480,superscript,³²⁵,U+00B3 U+00B2 U+2075,,^325,,,,superscript 325,上標數字 325,
SUP481,superscript,³³¹,U+00B3 U+00B3 U+00B9,,^331,,,,superscript 331,上標數字 331,
SUP482,superscript,³³²,U+00B3 U+00B3 U+00B2,,^332,,,,superscript 332,上標數字 332,
SUP483,superscript,³³³,U+00B3 U+00B3 U+00B3,,^333,,,,superscript 333,上標數字 333,
SUP484,superscript,³³⁴,U+00B3 U+00B3 U+2074,,^334,,,,superscript 334,上標數字 334,
SUP485,superscript,³³⁵,U+00B3 U+00B3 U+2075,,^335,,,,superscript 335,上標數字 335,
SUP486,superscript,³⁴¹,U+00B3 U+2074 U+00B9,,^341,,,,superscript 341,上標數字 341,
SUP487,superscript,³⁴²,U+00B3 U+2074 U+00B2,,^342,,,,superscript 342,上標數字 342,
SUP488,superscript,³⁴³,U+00B3 U+2074 U+00B3,,^343,,,,superscript 343,上標數字 343,
SUP489,superscript,³⁴⁴,U+00B3 U+2074 U+2074,,^344,,,,superscript 344,上標數字 344,
SUP490,superscript,³⁴⁵,U+00B3 U+2074 U+2075,,^345,,,,superscript 345,上標數字 345,
SUP491,superscript,³⁵¹,U+00B3 U+2075 U+00B9,,^351,,,,superscript 351,上標數字 351,
SUP492,superscript,³⁵²,U+00B3 U+2075 U+00B2,,^352,,,,superscript 352,上標數字 352,
SUP493,superscript,³⁵³,U+00B3 U+2075 U+00B3,,^353,,,,superscript 353,上標數字 353,
SUP494,superscript,³⁵⁴,U+00B3 U+2075 U+2074,,^354,,,,superscript 354,上標數字 354,
SUP495,superscript,³⁵⁵,U+00B3 U+2075 U+2075,,^355,,,,superscript 355,上標數字 355,
SUP496,superscript,⁴¹¹,U+2074 U+00B9 U+00B9,,^411,,,,superscript 411,上標數字 411,
SUP497,superscript,⁴¹²,U+2074 U+00B9 U+00B2,,^412,,,,superscript 412,上標數字 412,
SUP498,superscript,⁴¹³,U+2074 U+00B9 U+00B3,,^413,,,,superscript 413,上標數字 413,
SUP499,superscript,⁴¹⁴,U+2074 U+00B9 U+2074,,^414,,,,superscript 414,上標數字 414,
SUP500,superscript,⁴¹⁵,U+2074 U+00B9 U+2075,,^415,,,,superscript 415,上標數字 415,
SUP501,superscript,⁴²¹,U+2074 U+00B2 U+00B9,,^421,,,,superscript 421,上標數字 421,
SUP502,superscript,⁴²²,U+2074 U+00B2 U+00B2,,^422,,,,superscript 422,上標數字 422,
SUP503,superscript,⁴²³,U+2074 U+00B2 U+00B3,,^423,,,,superscript 423,上標數字 423,
SUP504,superscript,⁴²⁴,U+2074 U+00B2 U+2074,,^424,,,,superscript 424,上標數字 424,
SUP505,superscript,⁴²⁵,U+2074 U+00B2 U+2075,,^425,,,,superscript 425,上標數字 425,
SUP506,superscript,⁴³¹,U+2074 U+00B3 U+00B9,,^431,,,,superscript 431,上標數字 431,
SUP507,superscript,⁴³²,U+2074 U+00B3 U+00B2,,^432,,,,superscript 432,上標數字 432,
SUP508,superscript,⁴³³,U+2074 U+00B3 U+00B3,,^433,,,,superscript 433,上標數字 433,
SUP509,superscript,⁴³⁴,U+2074 U+00B3 U+2074,,^434,,,,superscript 434,上標數字 434,
SUP510,superscript,⁴³⁵,U+2074 U+00B3 U+2075,,^435,,,,superscript 435,上標數字 435,
SUP511,superscript,⁴⁴¹,U+2074 U+2074 U+00B9,,^441,,,,superscript 441,上標數字 441,
SUP512,superscript,⁴⁴²,U+2074 U+2074 U+00B2,,^442,,,,superscript 442,上標數字 442,
SUP513,superscript,⁴⁴³,U+2074 U+2074 U+00B3,,^443,,,,superscript 443,上標數字 443,
SUP514,superscript,⁴⁴⁴,U+2074 U+2074 U+2074,,^444,,,,superscript 444,上標數字 444,
SUP515,superscript,⁴⁴⁵,U+2074 U+2074 U+2075,,^445,,,,superscript 445,上標數字 445,
SUP516,superscript,⁴⁵¹,U+2074 U+2075 U+00B9,,^451,,,,superscript 451,上標數字 451,
SUP517,superscript,⁴⁵²,U+2074 U+2075 U+00B2,,^452,,,,superscript 452,上標數字 452,
SUP518,superscript,⁴⁵³,U+2074 U+2075 U+00B3,,^453,,,,superscript 453,上標數字 453,
SUP519,superscript,⁴⁵⁴,U+2074 U+2075 U+2074,,^454,,,,superscript 454,上標數字 454,
SUP520,superscript,⁴⁵⁵,U+2074 U+2075 U+2075,,^455,,,,superscript 455,上標數字 455,
SUP521,superscript,⁵¹¹,U+2075 U+00B9 U+00B9,,^511,,,,superscript 511,上標數字 511,
SUP522,superscript,⁵¹²,U+2075 U+00B9 U+00B2,,^512,,,,superscript 512,上標數字 512,
SUP523,superscript,⁵¹³,U+2075 U+00B9 U+00B3,,^513,,,,superscript 513,上標數字 513,
SUP524,superscript,⁵¹⁴,U+2075 U+00B9 U+2074,,^514,,,,superscript 514,上標數字 514,
SUP525,superscript,⁵¹⁵,U+2075 U+00B9 U+2075,,^515,,,,superscript 515,上標數字 515,
SUP526,superscript,⁵²¹,U+2075 U+00B2 U+00B9,,^521,,,,superscript 521,上標數字 521,
SUP527,superscript,⁵²²,U+2075 U+00B2 U+00B2,,^522,,,,superscript 522,上標數字 522,
SUP528,superscript,⁵²³,U+2075 U+00B2 U+00B3,,^523,,,,superscript 523,上標數字 523,
SUP529,superscript,⁵²⁴,U+2075 U+00B2 U+2074,,^524,,,,superscript 524,上標數字 524,
SUP530,superscript,⁵²⁵,U+2075 U+00B2 U+2075,,^525,,,,superscript 525,上標數字 525,
SUP531,superscript,⁵³¹,U+2075 U+00B3 U+00B9,,^531,,,,superscript 531,上標數字 531,
SUP532,superscript,⁵³²,U+2075 U+00B3 U+00B2,,^532,,,,superscript 532,上標數字 532,
SUP533,superscript,⁵³³,U+2075 U+00B3 U+00B3,,^533,,,,superscript 533,上標數字 533,
SUP534,superscript,⁵³⁴,U+2075 U+00B3 U+2074,,^534,,,,superscript 534,上標數字 534,
SUP535,superscript,⁵³⁵,U+2075 U+00B3 U+2075,,^535,,,,superscript 535,上標數字 535,
SUP536,superscript,⁵⁴¹,U+2075 U+2074 U+00B9,,^541,,,,superscript 541,上標數字 541,
SUP537,superscript,⁵⁴²,U+2075 U+2074 U+00B2,,^542,,,,superscript 542,上標數字 542,
SUP538,superscript,⁵⁴³,U+2075 U+2074 U+00B3,,^543,,,,superscript 543,上標數字 543,
SUP539,superscript,⁵⁴⁴,U+2075 U+2074 U+2074,,^544,,,,superscript 544,上標數字 544,
SUP540,superscript,⁵⁴⁵,U+2075 U+2074 U+2075,,^545,,,,superscript 545,上標數字 545,
SUP541,superscript,⁵⁵¹,U+2075 U+2075 U+00B9,,^551,,,,superscript 551,上標數字 551,
SUP542,superscript,⁵⁵²,U+2075 U+2075 U+00B2,,^552,,,,superscript 552,上標數字 552,
SUP543,superscript,⁵⁵³,U+2075 U+2075 U+00B3,,^553,,,,superscript 553,上標數字 553,
SUP544,superscript,⁵⁵⁴,U+2075 U+2075 U+2074,,^554,,,,superscript 554,上標數字 554,
SUP545,superscript,⁵⁵⁵,U+2075 U+2075 U+2075,,^555,,,,superscript 555,上標數字 555,
TON546,tone_diacritic,◌̋,U+030B,_T,,,,,extra-high tone (diacritic),超高調（調符）,combining
TON547,tone_diacritic,◌́,U+0301,_H,,,,,high tone (diacritic),高調（調符）,combining
TON548,tone_diacritic,◌̄,U+0304,_M,,,,,mid tone (diacritic),中調（調符）,combining
TON549,tone_diacritic,◌̀,U+0300,_L,,,,,low tone (diacritic),低調（調符）,combining
TON550,tone_diacritic,◌̏,U+030F,_B,,,,,extra-low tone (diacritic),超低調（調符）,combining
TON551,tone_diacritic,◌̌,U+030C,_R,,,,,rising tone (diacritic),升調（調符）,combining
TON552,tone_diacritic,◌̂,U+0302,_F,,,,,falling tone (diacritic),降調（調符）,combining
TON553,tone_diacritic,◌᷄,U+1DC4,,hrise,,,,high rising tone (diacritic),高升調（調符）,combining
TON554,tone_diacritic,◌᷅,U+1DC5,,lrise,,,,low rising tone (diacritic),低升調（調符）,combining
TON555,tone_diacritic,◌᷈,U+1DC8,,rfall,,,,rising-falling tone (diacritic),升降調（調符）,combining
TON556,tone_other,ꜜ,U+A71C,<D>,dstep,,,\|d,downstep,降階,
TON557,tone_other,ꜛ,U+A71B,<U>,ustep,,,\|u,upstep,升階,
TON558,tone_other,↗,U+2197,<R>,grise,,,\NE,global rise,全升,
TON559,tone_other,↘,U+2198,<F>,gfall,,,\SE,global fall,全降,
TIE560,tie,◌͡◌,U+0361,_,tie,,,\li,tie bar (above),連結弧（上）,combining;塞擦/雙重調音
TIE561,tie,◌͜◌,U+035C,,tieb,,,\LI,tie bar (below),連結弧（下）,combining
COM562,combo,pʰ,U+0070 U+02B0,p_h,blpasp,,,,aspirated voiceless bilabial plosive,送氣清雙唇塞音,
COM563,combo,tʰ,U+0074 U+02B0,t_h,alpasp,,,,aspirated voiceless alveolar plosive,送氣清齒齦塞音,
COM564,combo,kʰ,U+006B U+02B0,k_h,vepasp,,,,aspirated voiceless velar plosive,送氣清軟顎塞音,
COM565,combo,cʰ,U+0063 U+02B0,c_h,pjpasp,,,,aspirated voiceless palatal plosive,送氣清硬顎塞音,
COM566,combo,qʰ,U+0071 U+02B0,q_h,uvpasp,,,,aspirated voiceless uvular plosive,送氣清小舌塞音,
COM567,combo,ʈʰ,U+0288 U+02B0,t`_h,rxpasp,,,,aspirated voiceless retroflex plosive,送氣清捲舌塞音,
COM568,combo,t͡sʰ,U+0074 U+0361 U+0073 U+02B0,ts_h,alafasp,,,,aspirated voiceless alveolar affricate,送氣清齒齦塞擦音,
COM569,combo,t͡ʃʰ,U+0074 U+0361 U+0283 U+02B0,tS_h,paafasp,,,,aspirated voiceless postalveolar affricate,送氣清後齒齦塞擦音,
COM570,combo,t͡ɕʰ,U+0074 U+0361 U+0255 U+02B0,ts\_h,apafasp,,,,aspirated voiceless alveolo-palatal affricate,送氣清齦顎塞擦音,
COM571,combo,pʼ,U+0070 U+02BC,p_>,blpej,,,,ejective voiceless bilabial plosive,擠喉清雙唇塞音,
COM572,combo,tʼ,U+0074 U+02BC,t_>,alpej,,,,ejective voiceless alveolar plosive,擠喉清齒齦塞音,
COM573,combo,kʼ,U+006B U+02BC,k_>,vepej,,,,ejective voiceless velar plosive,擠喉清軟顎塞音,
COM574,combo,qʼ,U+0071 U+02BC,q_>,uvpej,,,,ejective voiceless uvular plosive,擠喉清小舌塞音,
COM575,combo,cʼ,U+0063 U+02BC,c_>,pjpej,,,,ejective voiceless palatal plosive,擠喉清硬顎塞音,
COM576,combo,ʈʼ,U+0288 U+02BC,t`_>,rxpej,,,,ejective voiceless retroflex plosive,擠喉清捲舌塞音,
COM577,combo,t͡sʼ,U+0074 U+0361 U+0073 U+02BC,ts_>,alafej,,,,ejective voiceless alveolar affricate,擠喉清齒齦塞擦音,
COM578,combo,t͡ʃʼ,U+0074 U+0361 U+0283 U+02BC,tS_>,paafej,,,,ejective voiceless postalveolar affricate,擠喉清後齒齦塞擦音,
COM579,combo,t͡ɕʼ,U+0074 U+0361 U+0255 U+02BC,ts\_>,apafej,,,,ejective voiceless alveolo-palatal affricate,擠喉清齦顎塞擦音,
COM580,combo,sʼ,U+0073 U+02BC,s_>,alfej,,,,ejective voiceless alveolar fricative,擠喉清齒齦擦音,
COM581,combo,ɬʼ,U+026C U+02BC,K_>,allfej,,,,ejective voiceless alveolar lateral fricative,擠喉清齒齦邊擦音,
COM582,combo,ĩ,U+0129,i~,clfnas,,,,nasalized close front unrounded vowel,鼻化閉前不圓唇元音,
COM583,combo,ỹ,U+1EF9,y~,clfrnas,,,,nasalized close front rounded vowel,鼻化閉前圓唇元音,
COM584,combo,ɨ̃,U+0268 U+0303,1~,clcnas,,,,nasalized close central unrounded vowel,鼻化閉央不圓唇元音,
COM585,combo,ʉ̃,U+0289 U+0303,}~,clcrnas,,,,nasalized close central rounded vowel,鼻化閉央圓唇元音,
COM586,combo,ɯ̃,U+026F U+0303,M~,clbnas,,,,nasalized close back unrounded vowel,鼻化閉後不圓唇元音,
COM587,combo,ũ,U+0169,u~,clbrnas,,,,nasalized close back rounded vowel,鼻化閉後圓唇元音,
COM588,combo,ɪ̃,U+026A U+0303,I~,ncfnas,,,,nasalized near-close front unrounded vowel,鼻化次閉前不圓唇元音,
COM589,combo,ʏ̃,U+028F U+0303,Y~,ncfrnas,,,,nasalized near-close front rounded vowel,鼻化次閉前圓唇元音,
COM590,combo,ʊ̃,U+028A U+0303,U~,ncbrnas,,,,nasalized near-close back rounded vowel,鼻化次閉後圓唇元音,
COM591,combo,ẽ,U+1EBD,e~,cmfnas,,,,nasalized close-mid front unrounded vowel,鼻化半閉前不圓唇元音,
COM592,combo,ø̃,U+00F8 U+0303,2~,cmfrnas,,,,nasalized close-mid front rounded vowel,鼻化半閉前圓唇元音,
COM593,combo,ɘ̃,U+0258 U+0303,@\~,cmcnas,,,,nasalized close-mid central unrounded vowel,鼻化半閉央不圓唇元音,
COM594,combo,ɵ̃,U+0275 U+0303,8~,cmcrnas,,,,nasalized close-mid central rounded vowel,鼻化半閉央圓唇元音,
COM595,combo,ɤ̃,U+0264 U+0303,7~,cmbnas,,,,nasalized close-mid back unrounded vowel,鼻化半閉後不圓唇元音,
COM596,combo,õ,U+00F5,o~,cmbrnas,,,,nasalized close-mid back rounded vowel,鼻化半閉後圓唇元音,
COM597,combo,ə̃,U+0259 U+0303,@~,mdcnas,,,,nasalized mid central unrounded vowel,鼻化中央不圓唇元音,
COM598,combo,ɛ̃,U+025B U+0303,E~,omfnas,,,,nasalized open-mid front unrounded vowel,鼻化半開前不圓唇元音,
COM599,combo,œ̃,U+0153 U+0303,9~,omfrnas,,,,nasalized open-mid front rounded vowel,鼻化半開前圓唇元音,
COM600,combo,ɜ̃,U+025C U+0303,3~,omcnas,,,,nasalized open-mid central unrounded vowel,鼻化半開央不圓唇元音,
COM601,combo,ɞ̃,U+025E U+0303,3\~,omcrnas,,,,nasalized open-mid central rounded vowel,鼻化半開央圓唇元音,
COM602,combo,ʌ̃,U+028C U+0303,V~,ombnas,,,,nasalized open-mid back unrounded vowel,鼻化半開後不圓唇元音,
COM603,combo,ɔ̃,U+0254 U+0303,O~,ombrnas,,,,nasalized open-mid back rounded vowel,鼻化半開後圓唇元音,
COM604,combo,æ̃,U+00E6 U+0303,{~,nofnas,,,,nasalized near-open front unrounded vowel,鼻化次開前不圓唇元音,
COM605,combo,ɐ̃,U+0250 U+0303,6~,nocnas,,,,nasalized near-open central unrounded vowel,鼻化次開央不圓唇元音,
COM606,combo,ã,U+00E3,a~,opfnas,,,,nasalized open front unrounded vowel,鼻化開前不圓唇元音,
COM607,combo,ɶ̃,U+0276 U+0303,&~,opfrnas,,,,nasalized open front rounded vowel,鼻化開前圓唇元音,
COM608,combo,ɑ̃,U+0251 U+0303,A~,opbnas,,,,nasalized open back unrounded vowel,鼻化開後不圓唇元音,
COM609,combo,ɒ̃,U+0252 U+0303,Q~,opbrnas,,,,nasalized open back rounded vowel,鼻化開後圓唇元音,
COM610,combo,i̋,U+0069 U+030B,i_T,,,,,extra-high-tone close front unrounded vowel,超高調閉前不圓唇元音,
COM611,combo,y̋,U+0079 U+030B,y_T,,,,,extra-high-tone close front rounded vowel,超高調閉前圓唇元音,
COM612,combo,ɨ̋,U+0268 U+030B,1_T,,,,,extra-high-tone close central unrounded vowel,超高調閉央不圓唇元音,
COM613,combo,ʉ̋,U+0289 U+030B,}_T,,,,,extra-high-tone close central rounded vowel,超高調閉央圓唇元音,
COM614,combo,ɯ̋,U+026F U+030B,M_T,,,,,extra-high-tone close back unrounded vowel,超高調閉後不圓唇元音,
COM615,combo,ű,U+0171,u_T,,,,,extra-high-tone close back rounded vowel,超高調閉後圓唇元音,
COM616,combo,ɪ̋,U+026A U+030B,I_T,,,,,extra-high-tone near-close front unrounded vowel,超高調次閉前不圓唇元音,
COM617,combo,ʏ̋,U+028F U+030B,Y_T,,,,,extra-high-tone near-close front rounded vowel,超高調次閉前圓唇元音,
COM618,combo,ʊ̋,U+028A U+030B,U_T,,,,,extra-high-tone near-close back rounded vowel,超高調次閉後圓唇元音,
COM619,combo,e̋,U+0065 U+030B,e_T,,,,,extra-high-tone close-mid front unrounded vowel,超高調半閉前不圓唇元音,
COM620,combo,ø̋,U+00F8 U+030B,2_T,,,,,extra-high-tone close-mid front rounded vowel,超高調半閉前圓唇元音,
COM621,combo,ɘ̋,U+0258 U+030B,@\_T,,,,,extra-high-tone close-mid central unrounded vowel,超高調半閉央不圓唇元音,
COM622,combo,ɵ̋,U+0275 U+030B,8_T,,,,,extra-high-tone close-mid central rounded vowel,超高調半閉央圓唇元音,
COM623,combo,ɤ̋,U+0264 U+030B,7_T,,,,,extra-high-tone close-mid back unrounded vowel,超高調半閉後不圓唇元音,
COM624,combo,ő,U+0151,o_T,,,,,extra-high-tone close-mid back rounded vowel,超高調半閉後圓唇元音,
COM625,combo,ə̋,U+0259 U+030B,@_T,,,,,extra-high-tone mid central unrounded vowel,超高調中央不圓唇元音,
COM626,combo,ɛ̋,U+025B U+030B,E_T,,,,,extra-high-tone open-mid front unrounded vowel,超高調半開前不圓唇元音,
COM627,combo,œ̋,U+0153 U+030B,9_T,,,,,extra-high-tone open-mid front rounded vowel,超高調半開前圓唇元音,
COM628,combo,ɜ̋,U+025C U+030B,3_T,,,,,extra-high-tone open-mid central unrounded vowel,超高調半開央不圓唇元音,
COM629,combo,ɞ̋,U+025E U+030B,3\_T,,,,,extra-high-tone open-mid central rounded vowel,超高調半開央圓唇元音,
COM630,combo,ʌ̋,U+028C U+030B,V_T,,,,,extra-high-tone open-mid back unrounded vowel,超高調半開後不圓唇元音,
COM631,combo,ɔ̋,U+0254 U+030B,O_T,,,,,extra-high-tone open-mid back rounded vowel,超高調半開後圓唇元音,
COM632,combo,æ̋,U+00E6 U+030B,{_T,,,,,extra-high-tone near-open front unrounded vowel,超高調次開前不圓唇元音,
COM633,combo,ɐ̋,U+0250 U+030B,6_T,,,,,extra-high-tone near-open central unrounded vowel,超高調次開央不圓唇元音,
COM634,combo,a̋,U+0061 U+030B,a_T,,,,,extra-high-tone open front unrounded vowel,超高調開前不圓唇元音,
COM635,combo,ɶ̋,U+0276 U+030B,&_T,,,,,extra-high-tone open front rounded vowel,超高調開前圓唇元音,
COM636,combo,ɑ̋,U+0251 U+030B,A_T,,,,,extra-high-tone open back unrounded vowel,超高調開後不圓唇元音,
COM637,combo,ɒ̋,U+0252 U+030B,Q_T,,,,,extra-high-tone open back rounded vowel,超高調開後圓唇元音,
COM638,combo,í,U+00ED,i_H,,,,,high-tone close front unrounded vowel,高調閉前不圓唇元音,
COM639,combo,ý,U+00FD,y_H,,,,,high-tone close front rounded vowel,高調閉前圓唇元音,
COM640,combo,ɨ́,U+0268 U+0301,1_H,,,,,high-tone close central unrounded vowel,高調閉央不圓唇元音,
COM641,combo,ʉ́,U+0289 U+0301,}_H,,,,,high-tone close central rounded vowel,高調閉央圓唇元音,
COM642,combo,ɯ́,U+026F U+0301,M_H,,,,,high-tone close back unrounded vowel,高調閉後不圓唇元音,
COM643,combo,ú,U+00FA,u_H,,,,,high-tone close back rounded vowel,高調閉後圓唇元音,
COM644,combo,ɪ́,U+026A U+0301,I_H,,,,,high-tone near-close front unrounded vowel,高調次閉前不圓唇元音,
COM645,combo,ʏ́,U+028F U+0301,Y_H,,,,,high-tone near-close front rounded vowel,高調次閉前圓唇元音,
COM646,combo,ʊ́,U+028A U+0301,U_H,,,,,high-tone near-close back rounded vowel,高調次閉後圓唇元音,
COM647,combo,é,U+00E9,e_H,,,,,high-tone close-mid front unrounded vowel,高調半閉前不圓唇元音,
COM648,combo,ǿ,U+01FF,2_H,,,,,high-tone close-mid front rounded vowel,高調半閉前圓唇元音,
COM649,combo,ɘ́,U+0258 U+0301,@\_H,,,,,high-tone close-mid central unrounded vowel,高調半閉央不圓唇元音,
COM650,combo,ɵ́,U+0275 U+0301,8_H,,,,,high-tone close-mid central rounded vowel,高調半閉央圓唇元音,
COM651,combo,ɤ́,U+0264 U+0301,7_H,,,,,high-tone close-mid back unrounded vowel,高調半閉後不圓唇元音,
COM652,combo,ó,U+00F3,o_H,,,,,high-tone close-mid back rounded vowel,高調半閉後圓唇元音,
COM653,combo,ə́,U+0259 U+0301,@_H,,,,,high-tone mid central unrounded vowel,高調中央不圓唇元音,
COM654,combo,ɛ́,U+025B U+0301,E_H,,,,,high-tone open-mid front unrounded vowel,高調半開前不圓唇元音,
COM655,combo,œ́,U+0153 U+0301,9_H,,,,,high-tone open-mid front rounded vowel,高調半開前圓唇元音,
COM656,combo,ɜ́,U+025C U+0301,3_H,,,,,high-tone open-mid central unrounded vowel,高調半開央不圓唇元音,
COM657,combo,ɞ́,U+025E U+0301,3\_H,,,,,high-tone open-mid central rounded vowel,高調半開央圓唇元音,
COM658,combo,ʌ́,U+028C U+0301,V_H,,,,,high-tone open-mid back unrounded vowel,高調半開後不圓唇元音,
COM659,combo,ɔ́,U+0254 U+0301,O_H,,,,,high-tone open-mid back rounded vowel,高調半開後圓唇元音,
COM660,combo,ǽ,U+01FD,{_H,,,,,high-tone near-open front unrounded vowel,高調次開前不圓唇元音,
COM661,combo,ɐ́,U+0250 U+0301,6_H,,,,,high-tone near-open central unrounded vowel,高調次開央不圓唇元音,
COM662,combo,á,U+00E1,a_H,,,,,high-tone open front unrounded vowel,高調開前不圓唇元音,
COM663,combo,ɶ́,U+0276 U+0301,&_H,,,,,high-tone open front rounded vowel,高調開前圓唇元音,
COM664,combo,ɑ́,U+0251 U+0301,A_H,,,,,high-tone open back unrounded vowel,高調開後不圓唇元音,
COM665,combo,ɒ́,U+0252 U+0301,Q_H,,,,,high-tone open back rounded vowel,高調開後圓唇元音,
COM666,combo,ī,U+012B,i_M,,,,,mid-tone close front unrounded vowel,中調閉前不圓唇元音,
COM667,combo,ȳ,U+0233,y_M,,,,,mid-tone close front rounded vowel,中調閉前圓唇元音,
COM668,combo,ɨ̄,U+0268 U+0304,1_M,,,,,mid-tone close central unrounded vowel,中調閉央不圓唇元音,
COM669,combo,ʉ̄,U+0289 U+0304,}_M,,,,,mid-tone close central rounded vowel,中調閉央圓唇元音,
COM670,combo,ɯ̄,U+026F U+0304,M_M,,,,,mid-tone close back unrounded vowel,中調閉後不圓唇元音,
COM671,combo,ū,U+016B,u_M,,,,,mid-tone close back rounded vowel,中調閉後圓唇元音,
COM672,combo,ɪ̄,U+026A U+0304,I_M,,,,,mid-tone near-close front unrounded vowel,中調次閉前不圓唇元音,
COM673,combo,ʏ̄,U+028F U+0304,Y_M,,,,,mid-tone near-close front rounded vowel,中調次閉前圓唇元音,
COM674,combo,ʊ̄,U+028A U+0304,U_M,,,,,mid-tone near-close back rounded vowel,中調次閉後圓唇元音,
COM675,combo,ē,U+0113,e_M,,,,,mid-tone close-mid front unrounded vowel,中調半閉前不圓唇元音,
COM676,combo,ø̄,U+00F8 U+0304,2_M,,,,,mid-tone close-mid front rounded vowel,中調半閉前圓唇元音,
COM677,combo,ɘ̄,U+0258 U+0304,@\_M,,,,,mid-tone close-mid central unrounded vowel,中調半閉央不圓唇元音,
COM678,combo,ɵ̄,U+0275 U+0304,8_M,,,,,mid-tone close-mid central rounded vowel,中調半閉央圓唇元音,
COM679,combo,ɤ̄,U+0264 U+0304,7_M,,,,,mid-tone close-mid back unrounded vowel,中調半閉後不圓唇元音,
COM680,combo,ō,U+014D,o_M,,,,,mid-tone close-mid back rounded vowel,中調半閉後圓唇元音,
COM681,combo,ə̄,U+0259 U+0304,@_M,,,,,mid-tone mid central unrounded vowel,中調中央不圓唇元音,
COM682,combo,ɛ̄,U+025B U+0304,E_M,,,,,mid-tone open-mid front unrounded vowel,中調半開前不圓唇元音,
COM683,combo,œ̄,U+0153 U+0304,9_M,,,,,mid-tone open-mid front rounded vowel,中調半開前圓唇元音,
COM684,combo,ɜ̄,U+025C U+0304,3_M,,,,,mid-tone open-mid central unrounded vowel,中調半開央不圓唇元音,
COM685,combo,ɞ̄,U+025E U+0304,3\_M,,,,,mid-tone open-mid central rounded vowel,中調半開央圓唇元音,
COM686,combo,ʌ̄,U+028C U+0304,V_M,,,,,mid-tone open-mid back unrounded vowel,中調半開後不圓唇元音,
COM687,combo,ɔ̄,U+0254 U+0304,O_M,,,,,mid-tone open-mid back rounded vowel,中調半開後圓唇元音,
COM688,combo,ǣ,U+01E3,{_M,,,,,mid-tone near-open front unrounded vowel,中調次開前不圓唇元音,
COM689,combo,ɐ̄,U+0250 U+0304,6_M,,,,,mid-tone near-open central unrounded vowel,中調次開央不圓唇元音,
COM690,combo,ā,U+0101,a_M,,,,,mid-tone open front unrounded vowel,中調開前不圓唇元音,
COM691,combo,ɶ̄,U+0276 U+0304,&_M,,,,,mid-tone open front rounded vowel,中調開前圓唇元音,
COM692,combo,ɑ̄,U+0251 U+0304,A_M,,,,,mid-tone open back unrounded vowel,中調開後不圓唇元音,
COM693,combo,ɒ̄,U+0252 U+0304,Q_M,,,,,mid-tone open back rounded vowel,中調開後圓唇元音,
COM694,combo,ì,U+00EC,i_L,,,,,low-tone close front unrounded vowel,低調閉前不圓唇元音,
COM695,combo,ỳ,U+1EF3,y_L,,,,,low-tone close front rounded vowel,低調閉前圓唇元音,
COM696,combo,ɨ̀,U+0268 U+0300,1_L,,,,,low-tone close central unrounded vowel,低調閉央不圓唇元音,
COM697,combo,ʉ̀,U+0289 U+0300,}_L,,,,,low-tone close central rounded vowel,低調閉央圓唇元音,
COM698,combo,ɯ̀,U+026F U+0300,M_L,,,,,low-tone close back unrounded vowel,低調閉後不圓唇元音,
COM699,combo,ù,U+00F9,u_L,,,,,low-tone close back rounded vowel,低調閉後圓唇元音,
COM700,combo,ɪ̀,U+026A U+0300,I_L,,,,,low-tone near-close front unrounded vowel,低調次閉前不圓唇元音,
COM701,combo,ʏ̀,U+028F U+0300,Y_L,,,,,low-tone near-close front rounded vowel,低調次閉前圓唇元音,
COM702,combo,ʊ̀,U+028A U+0300,U_L,,,,,low-tone near-close back rounded vowel,低調次閉後圓唇元音,
COM703,combo,è,U+00E8,e_L,,,,,low-tone close-mid front unrounded vowel,低調半閉前不圓唇元音,
COM704,combo,ø̀,U+00F8 U+0300,2_L,,,,,low-tone close-mid front rounded vowel,低調半閉前圓唇元音,
COM705,combo,ɘ̀,U+0258 U+0300,@\_L,,,,,low-tone close-mid central unrounded vowel,低調半閉央不圓唇元音,
COM706,combo,ɵ̀,U+0275 U+0300,8_L,,,,,low-tone close-mid central rounded vowel,低調半閉央圓唇元音,
COM707,combo,ɤ̀,U+0264 U+0300,7_L,,,,,low-tone close-mid back unrounded vowel,低調半閉後不圓唇元音,
COM708,combo,ò,U+00F2,o_L,,,,,low-tone close-mid back rounded vowel,低調半閉後圓唇元音,
COM709,combo,ə̀,U+0259 U+0300,@_L,,,,,low-tone mid central unrounded vowel,低調中央不圓唇元音,
COM710,combo,ɛ̀,U+025B U+0300,E_L,,,,,low-tone open-mid front unrounded vowel,低調半開前不圓唇元音,
COM711,combo,œ̀,U+0153 U+0300,9_L,,,,,low-tone open-mid front rounded vowel,低調半開前圓唇元音,
COM712,combo,ɜ̀,U+025C U+0300,3_L,,,,,low-tone open-mid central unrounded vowel,低調半開央不圓唇元音,
COM713,combo,ɞ̀,U+025E U+0300,3\_L,,,,,low-tone open-mid central rounded vowel,低調半開央圓唇元音,
COM714,combo,ʌ̀,U+028C U+0300,V_L,,,,,low-tone open-mid back unrounded vowel,低調半開後不圓唇元音,
COM715,combo,ɔ̀,U+0254 U+0300,O_L,,,,,low-tone open-mid back rounded vowel,低調半開後圓唇元音,
COM716,combo,æ̀,U+00E6 U+0300,{_L,,,,,low-tone near-open front unrounded vowel,低調次開前不圓唇元音,
COM717,combo,ɐ̀,U+0250 U+0300,6_L,,,,,low-tone near-open central unrounded vowel,低調次開央不圓唇元音,
COM718,combo,à,U+00E0,a_L,,,,,low-tone open front unrounded vowel,低調開前不圓唇元音,
COM719,combo,ɶ̀,U+0276 U+0300,&_L,,,,,low-tone open front rounded vowel,低調開前圓唇元音,
COM720,combo,ɑ̀,U+0251 U+0300,A_L,,,,,low-tone open back unrounded vowel,低調開後不圓唇元音,
COM721,combo,ɒ̀,U+0252 U+0300,Q_L,,,,,low-tone open back rounded vowel,低調開後圓唇元音,
COM722,combo,ȉ,U+0209,i_B,,,,,extra-low-tone close front unrounded vowel,超低調閉前不圓唇元音,
COM723,combo,y̏,U+0079 U+030F,y_B,,,,,extra-low-tone close front rounded vowel,超低調閉前圓唇元音,
COM724,combo,ɨ̏,U+0268 U+030F,1_B,,,,,extra-low-tone close central unrounded vowel,超低調閉央不圓唇元音,
COM725,combo,ʉ̏,U+0289 U+030F,}_B,,,,,extra-low-tone close central rounded vowel,超低調閉央圓唇元音,
COM726,combo,ɯ̏,U+026F U+030F,M_B,,,,,extra-low-tone close back unrounded vowel,超低調閉後不圓唇元音,
COM727,combo,ȕ,U+0215,u_B,,,,,extra-low-tone close back rounded vowel,超低調閉後圓唇元音,
COM728,combo,ɪ̏,U+026A U+030F,I_B,,,,,extra-low-tone near-close front unrounded vowel,超低調次閉前不圓唇元音,
COM729,combo,ʏ̏,U+028F U+030F,Y_B,,,,,extra-low-tone near-close front rounded vowel,超低調次閉前圓唇元音,
COM730,combo,ʊ̏,U+028A U+030F,U_B,,,,,extra-low-tone near-close back rounded vowel,超低調次閉後圓唇元音,
COM731,combo,ȅ,U+0205,e_B,,,,,extra-low-tone close-mid front unrounded vowel,超低調半閉前不圓唇元音,
COM732,combo,ø̏,U+00F8 U+030F,2_B,,,,,extra-low-tone close-mid front rounded vowel,超低調半閉前圓唇元音,
COM733,combo,ɘ̏,U+0258 U+030F,@\_B,,,,,extra-low-tone close-mid central unrounded vowel,超低調半閉央不圓唇元音,
COM734,combo,ɵ̏,U+0275 U+030F,8_B,,,,,extra-low-tone close-mid central rounded vowel,超低調半閉央圓唇元音,
COM735,combo,ɤ̏,U+0264 U+030F,7_B,,,,,extra-low-tone close-mid back unrounded vowel,超低調半閉後不圓唇元音,
COM736,combo,ȍ,U+020D,o_B,,,,,extra-low-tone close-mid back rounded vowel,超低調半閉後圓唇元音,
COM737,combo,ə̏,U+0259 U+030F,@_B,,,,,extra-low-tone mid central unrounded vowel,超低調中央不圓唇元音,
COM738,combo,ɛ̏,U+025B U+030F,E_B,,,,,extra-low-tone open-mid front unrounded vowel,超低調半開前不圓唇元音,
COM739,combo,œ̏,U+0153 U+030F,9_B,,,,,extra-low-tone open-mid front rounded vowel,超低調半開前圓唇元音,
COM740,combo,ɜ̏,U+025C U+030F,3_B,,,,,extra-low-tone open-mid central unrounded vowel,超低調半開央不圓唇元音,
COM741,combo,ɞ̏,U+025E U+030F,3\_B,,,,,extra-low-tone open-mid central rounded vowel,超低調半開央圓唇元音,
COM742,combo,ʌ̏,U+028C U+030F,V_B,,,,,extra-low-tone open-mid back unrounded vowel,超低調半開後不圓唇元音,
COM743,combo,ɔ̏,U+0254 U+030F,O_B,,,,,extra-low-tone open-mid back rounded vowel,超低調半開後圓唇元音,
COM744,combo,æ̏,U+00E6 U+030F,{_B,,,,,extra-low-tone near-open front unrounded vowel,超低調次開前不圓唇元音,
COM745,combo,ɐ̏,U+0250 U+030F,6_B,,,,,extra-low-tone near-open central unrounded vowel,超低調次開央不圓唇元音,
COM746,combo,ȁ,U+0201,a_B,,,,,extra-low-tone open front unrounded vowel,超低調開前不圓唇元音,
COM747,combo,ɶ̏,U+0276 U+030F,&_B,,,,,extra-low-tone open front rounded vowel,超低調開前圓唇元音,
COM748,combo,ɑ̏,U+0251 U+030F,A_B,,,,,extra-low-tone open back unrounded vowel,超低調開後不圓唇元音,
COM749,combo,ɒ̏,U+0252 U+030F,Q_B,,,,,extra-low-tone open back rounded vowel,超低調開後圓唇元音,
COM750,combo,ǐ,U+01D0,i_R,,,,,rising-tone close front unrounded vowel,升調閉前不圓唇元音,
COM751,combo,y̌,U+0079 U+030C,y_R,,,,,rising-tone close front rounded vowel,升調閉前圓唇元音,
COM752,combo,ɨ̌,U+0268 U+030C,1_R,,,,,rising-tone close central unrounded vowel,升調閉央不圓唇元音,
COM753,combo,ʉ̌,U+0289 U+030C,}_R,,,,,rising-tone close central rounded vowel,升調閉央圓唇元音,
COM754,combo,ɯ̌,U+026F U+030C,M_R,,,,,rising-tone close back unrounded vowel,升調閉後不圓唇元音,
COM755,combo,ǔ,U+01D4,u_R,,,,,rising-tone close back rounded vowel,升調閉後圓唇元音,
COM756,combo,ɪ̌,U+026A U+030C,I_R,,,,,rising-tone near-close front unrounded vowel,升調次閉前不圓唇元音,
COM757,combo,ʏ̌,U+028F U+030C,Y_R,,,,,rising-tone near-close front rounded vowel,升調次閉前圓唇元音,
COM758,combo,ʊ̌,U+028A U+030C,U_R,,,,,rising-tone near-close back rounded vowel,升調次閉後圓唇元音,
COM759,combo,ě,U+011B,e_R,,,,,rising-tone close-mid front unrounded vowel,升調半閉前不圓唇元音,
COM760,combo,ø̌,U+00F8 U+030C,2_R,,,,,rising-tone close-mid front rounded vowel,升調半閉前圓唇元音,
COM761,combo,ɘ̌,U+0258 U+030C,@\_R,,,,,rising-tone close-mid central unrounded vowel,升調半閉央不圓唇元音,
COM762,combo,ɵ̌,U+0275 U+030C,8_R,,,,,rising-tone close-mid central rounded vowel,升調半閉央圓唇元音,
COM763,combo,ɤ̌,U+0264 U+030C,7_R,,,,,rising-tone close-mid back unrounded vowel,升調半閉後不圓唇元音,
COM764,combo,ǒ,U+01D2,o_R,,,,,rising-tone close-mid back rounded vowel,升調半閉後圓唇元音,
COM765,combo,ə̌,U+0259 U+030C,@_R,,,,,rising-tone mid central unrounded vowel,升調中央不圓唇元音,
COM766,combo,ɛ̌,U+025B U+030C,E_R,,,,,rising-tone open-mid front unrounded vowel,升調半開前不圓唇元音,
COM767,combo,œ̌,U+0153 U+030C,9_R,,,,,rising-tone open-mid front rounded vowel,升調半開前圓唇元音,
COM768,combo,ɜ̌,U+025C U+030C,3_R,,,,,rising-tone open-mid central unrounded vowel,升調半開央不圓唇元音,
COM769,combo,ɞ̌,U+025E U+030C,3\_R,,,,,rising-tone open-mid central rounded vowel,升調半開央圓唇元音,
COM770,combo,ʌ̌,U+028C U+030C,V_R,,,,,rising-tone open-mid back unrounded vowel,升調半開後不圓唇元音,
COM771,combo,ɔ̌,U+0254 U+030C,O_R,,,,,rising-tone open-mid back rounded vowel,升調半開後圓唇元音,
COM772,combo,æ̌,U+00E6 U+030C,{_R,,,,,rising-tone near-open front unrounded vowel,升調次開前不圓唇元音,
COM773,combo,ɐ̌,U+0250 U+030C,6_R,,,,,rising-tone near-open central unrounded vowel,升調次開央不圓唇元音,
COM774,combo,ǎ,U+01CE,a_R,,,,,rising-tone open front unrounded vowel,升調開前不圓唇元音,
COM775,combo,ɶ̌,U+0276 U+030C,&_R,,,,,rising-tone open front rounded vowel,升調開前圓唇元音,
COM776,combo,ɑ̌,U+0251 U+030C,A_R,,,,,rising-tone open back unrounded vowel,升調開後不圓唇元音,
COM777,combo,ɒ̌,U+0252 U+030C,Q_R,,,,,rising-tone open back rounded vowel,升調開後圓唇元音,
COM778,combo,î,U+00EE,i_F,,,,,falling-tone close front unrounded vowel,降調閉前不圓唇元音,
COM779,combo,ŷ,U+0177,y_F,,,,,falling-tone close front rounded vowel,降調閉前圓唇元音,
COM780,combo,ɨ̂,U+0268 U+0302,1_F,,,,,falling-tone close central unrounded vowel,降調閉央不圓唇元音,
COM781,combo,ʉ̂,U+0289 U+0302,}_F,,,,,falling-tone close central rounded vowel,降調閉央圓唇元音,
COM782,combo,ɯ̂,U+026F U+0302,M_F,,,,,falling-tone close back unrounded vowel,降調閉後不圓唇元音,
COM783,combo,û,U+00FB,u_F,,,,,falling-tone close back rounded vowel,降調閉後圓唇元音,
COM784,combo,ɪ̂,U+026A U+0302,I_F,,,,,falling-tone near-close front unrounded vowel,降調次閉前不圓唇元音,
COM785,combo,ʏ̂,U+028F U+0302,Y_F,,,,,falling-tone near-close front rounded vowel,降調次閉前圓唇元音,
COM786,combo,ʊ̂,U+028A U+0302,U_F,,,,,falling-tone near-close back rounded vowel,降調次閉後圓唇元音,
COM787,combo,ê,U+00EA,e_F,,,,,falling-tone close-mid front unrounded vowel,降調半閉前不圓唇元音,
COM788,combo,ø̂,U+00F8 U+0302,2_F,,,,,falling-tone close-mid front rounded vowel,降調半閉前圓唇元音,
COM789,combo,ɘ̂,U+0258 U+0302,@\_F,,,,,falling-tone close-mid central unrounded vowel,降調半閉央不圓唇元音,
COM790,combo,ɵ̂,U+0275 U+0302,8_F,,,,,falling-tone close-mid central rounded vowel,降調半閉央圓唇元音,
COM791,combo,ɤ̂,U+0264 U+0302,7_F,,,,,falling-tone close-mid back unrounded vowel,降調半閉後不圓唇元音,
COM792,combo,ô,U+00F4,o_F,,,,,falling-tone close-mid back rounded vowel,降調半閉後圓唇元音,
COM793,combo,ə̂,U+0259 U+0302,@_F,,,,,falling-tone mid central unrounded vowel,降調中央不圓唇元音,
COM794,combo,ɛ̂,U+025B U+0302,E_F,,,,,falling-tone open-mid front unrounded vowel,降調半開前不圓唇元音,
COM795,combo,œ̂,U+0153 U+0302,9_F,,,,,falling-tone open-mid front rounded vowel,降調半開前圓唇元音,
COM796,combo,ɜ̂,U+025C U+0302,3_F,,,,,falling-tone open-mid central unrounded vowel,降調半開央不圓唇元音,
COM797,combo,ɞ̂,U+025E U+0302,3\_F,,,,,falling-tone open-mid central rounded vowel,降調半開央圓唇元音,
COM798,combo,ʌ̂,U+028C U+0302,V_F,,,,,falling-tone open-mid back unrounded vowel,降調半開後不圓唇元音,
COM799,combo,ɔ̂,U+0254 U+0302,O_F,,,,,falling-tone open-mid back rounded vowel,降調半開後圓唇元音,
COM800,combo,æ̂,U+00E6 U+0302,{_F,,,,,falling-tone near-open front unrounded vowel,降調次開前不圓唇元音,
COM801,combo,ɐ̂,U+0250 U+0302,6_F,,,,,falling-tone near-open central unrounded vowel,降調次開央不圓唇元音,
COM802,combo,â,U+00E2,a_F,,,,,falling-tone open front unrounded vowel,降調開前不圓唇元音,
COM803,combo,ɶ̂,U+0276 U+0302,&_F,,,,,falling-tone open front rounded vowel,降調開前圓唇元音,
COM804,combo,ɑ̂,U+0251 U+0302,A_F,,,,,falling-tone open back unrounded vowel,降調開後不圓唇元音,
COM805,combo,ɒ̂,U+0252 U+0302,Q_F,,,,,falling-tone open back rounded vowel,降調開後圓唇元音,
COM806,combo,m̩,U+006D U+0329,m=,blnsyl,,,,syllabic bilabial nasal,成音節雙唇鼻音,
COM807,combo,n̩,U+006E U+0329,n=,alnsyl,,,,syllabic alveolar nasal,成音節齒齦鼻音,
COM808,combo,ŋ̩,U+014B U+0329,N=,vensyl,,,,syllabic velar nasal,成音節軟顎鼻音,
COM809,combo,l̩,U+006C U+0329,l=,allsyl,,,,syllabic alveolar lateral approximant,成音節齒齦邊近音,
COM810,combo,r̩,U+0072 U+0329,r=,alrsyl,,,,syllabic alveolar trill,成音節齒齦顫音,
COM811,combo,m̥,U+006D U+0325,m_0,blndev,,,,voiceless bilabial nasal,清化雙唇鼻音,
COM812,combo,n̥,U+006E U+0325,n_0,alndev,,,,voiceless alveolar nasal,清化齒齦鼻音,
COM813,combo,ŋ̥,U+014B U+0325,N_0,vendev,,,,voiceless velar nasal,清化軟顎鼻音,
COM814,combo,ɲ̥,U+0272 U+0325,J_0,pjndev,,,,voiceless palatal nasal,清化硬顎鼻音,
COM815,combo,l̥,U+006C U+0325,l_0,alldev,,,,voiceless alveolar lateral approximant,清化齒齦邊近音,
COM816,combo,r̥,U+0072 U+0325,r_0,alrdev,,,,voiceless alveolar trill,清化齒齦顫音,
COM817,combo,w̥,U+0077 U+0325,w_0,lvadev,,,,voiceless labial-velar approximant,清化唇軟顎近音,
COM818,combo,j̥,U+006A U+0325,j_0,pjadev,,,,voiceless palatal approximant,清化硬顎近音,
COM819,combo,t̪,U+0074 U+032A,t_d,alpdnt,,,,dental voiceless alveolar plosive,齒化清齒齦塞音,
COM820,combo,d̪,U+0064 U+032A,d_d,valpdnt,,,,dental voiced alveolar plosive,齒化濁齒齦塞音,
COM821,combo,n̪,U+006E U+032A,n_d,alndnt,,,,dental alveolar nasal,齒化齒齦鼻音,
COM822,combo,l̪,U+006C U+032A,l_d,alldnt,,,,dental alveolar lateral approximant,齒化齒齦邊近音,
COM823,combo,kʷ,U+006B U+02B7,k_w,veplab,,,,labialized voiceless velar plosive,唇化清軟顎塞音,
COM824,combo,ɡʷ,U+0261 U+02B7,g_w,vveplab,,,,labialized voiced velar plosive,唇化濁軟顎塞音,
COM825,combo,qʷ,U+0071 U+02B7,q_w,uvplab,,,,labialized voiceless uvular plosive,唇化清小舌塞音,
COM826,combo,ŋʷ,U+014B U+02B7,N_w,venlab,,,,labialized velar nasal,唇化軟顎鼻音,
COM827,combo,xʷ,U+0078 U+02B7,x_w,veflab,,,,labialized voiceless velar fricative,唇化清軟顎擦音,
COM828,combo,ɫ,U+026B,5,allvph,,,,velarized alveolar lateral approximant,軟顎化齒齦邊近音,
COM829,combo,ɫ,U+026B,l_e,,,,,velarized alveolar lateral approximant,軟顎化齒齦邊近音,
